variant,seed,field,population,cell_id,full_particle_count,physical_mass,postrelease_bar_angular_impulse
baseline,7510101,fixed_halo,F0,0,0,0.0,0.0
baseline,7510101,fixed_halo,F0,1,0,0.0,0.0
baseline,7510101,fixed_halo,F0,2,0,0.0,0.0
baseline,7510101,fixed_halo,F0,3,2013,0.0932884228418806,4.396997620464442e-06
baseline,7510101,fixed_halo,F0,4,0,0.0,0.0
baseline,7510101,fixed_halo,F0,5,2013,0.0932884228418806,-5.976008629305327e-07
baseline,7510101,fixed_halo,F0,6,4767,0.19559382331148642,1.4703314731727321e-05
baseline,7510101,fixed_halo,F0,7,0,0.0,0.0
baseline,7510101,fixed_halo,F0,8,4767,0.19559382331148642,-9.060589402458383e-05
baseline,7510101,fixed_halo,F0,9,3537,0.13462847533493616,0.00011063232202808328
baseline,7510101,fixed_halo,F0,10,0,0.0,0.0
baseline,7510101,fixed_halo,F0,11,3537,0.13462847533493616,0.00028147055994086784
baseline,7510101,fixed_halo,F0,12,870,0.026360091886226917,-1.8381664427638355e-06
baseline,7510101,fixed_halo,F0,13,0,0.0,0.0
baseline,7510101,fixed_halo,F0,14,870,0.026360091886226917,-2.822547629059988e-06
baseline,7510101,fixed_halo,F0,15,0,0.0,0.0
baseline,7510101,fixed_halo,F0,16,0,0.0,0.0
baseline,7510101,fixed_halo,F0,17,0,0.0,0.0
baseline,7510101,fixed_halo,plus,0,0,0.0,0.0
baseline,7510101,fixed_halo,plus,1,0,0.0,0.0
baseline,7510101,fixed_halo,plus,2,0,0.0,0.0
baseline,7510101,fixed_halo,plus,3,2013,0.0932021629070787,4.159372084696049e-06
baseline,7510101,fixed_halo,plus,4,0,0.0,0.0
baseline,7510101,fixed_halo,plus,5,2013,0.09337468277668276,-2.931246114660975e-06
baseline,7510101,fixed_halo,plus,6,4767,0.19728715754334072,1.4630553582255533e-05
baseline,7510101,fixed_halo,plus,7,0,0.0,0.0
baseline,7510101,fixed_halo,plus,8,4767,0.19390048907963325,-9.160370081534733e-05
baseline,7510101,fixed_halo,plus,9,3537,0.13641919068570596,0.0001101719935441933
baseline,7510101,fixed_halo,plus,10,0,0.0,0.0
baseline,7510101,fixed_halo,plus,11,3537,0.13283775998416647,0.0002780780174193978
baseline,7510101,fixed_halo,plus,12,870,0.02500986363988424,-1.7596315764461503e-06
baseline,7510101,fixed_halo,plus,13,0,0.0,0.0
baseline,7510101,fixed_halo,plus,14,870,0.02771032013256957,-3.4718338736272617e-06
baseline,7510101,fixed_halo,plus,15,0,0.0,0.0
baseline,7510101,fixed_halo,plus,16,0,0.0,0.0
baseline,7510101,fixed_halo,plus,17,0,0.0,0.0
baseline,7510101,fixed_halo,minus,0,0,0.0,0.0
baseline,7510101,fixed_halo,minus,1,0,0.0,0.0
baseline,7510101,fixed_halo,minus,2,0,0.0,0.0
baseline,7510101,fixed_halo,minus,3,2013,0.09337468277668276,4.58145337549454e-06
baseline,7510101,fixed_halo,minus,4,0,0.0,0.0
baseline,7510101,fixed_halo,minus,5,2013,0.0932021629070787,5.132289173491986e-06
baseline,7510101,fixed_halo,minus,6,4767,0.19390048907963325,1.5207305704808966e-05
baseline,7510101,fixed_halo,minus,7,0,0.0,0.0
baseline,7510101,fixed_halo,minus,8,4767,0.19728715754334072,-7.911047210095961e-05
baseline,7510101,fixed_halo,minus,9,3537,0.13283775998416647,0.00011082693696728387
baseline,7510101,fixed_halo,minus,10,0,0.0,0.0
baseline,7510101,fixed_halo,minus,11,3537,0.13641919068570596,0.0002712156661540225
baseline,7510101,fixed_halo,minus,12,870,0.02771032013256957,-1.894207707985139e-06
baseline,7510101,fixed_halo,minus,13,0,0.0,0.0
baseline,7510101,fixed_halo,minus,14,870,0.02500986363988424,-2.2988999911243357e-06
baseline,7510101,fixed_halo,minus,15,0,0.0,0.0
baseline,7510101,fixed_halo,minus,16,0,0.0,0.0
baseline,7510101,fixed_halo,minus,17,0,0.0,0.0
baseline,7510101,responsive,F0,0,0,0.0,0.0
baseline,7510101,responsive,F0,1,0,0.0,0.0
baseline,7510101,responsive,F0,2,0,0.0,0.0
baseline,7510101,responsive,F0,3,2013,0.0932884228418806,1.644731756588948e-05
baseline,7510101,responsive,F0,4,0,0.0,0.0
baseline,7510101,responsive,F0,5,2013,0.0932884228418806,1.7155954509685746e-05
baseline,7510101,responsive,F0,6,4767,0.19559382331148642,5.87634469748356e-05
baseline,7510101,responsive,F0,7,0,0.0,0.0
baseline,7510101,responsive,F0,8,4767,0.19559382331148642,-7.19262482971686e-05
baseline,7510101,responsive,F0,9,3537,0.13462847533493616,0.0004436121815384788
baseline,7510101,responsive,F0,10,0,0.0,0.0
baseline,7510101,responsive,F0,11,3537,0.13462847533493616,0.0009655670113852728
baseline,7510101,responsive,F0,12,870,0.026360091886226917,4.357935605493551e-05
baseline,7510101,responsive,F0,13,0,0.0,0.0
baseline,7510101,responsive,F0,14,870,0.026360091886226917,0.00010395592111909645
baseline,7510101,responsive,F0,15,0,0.0,0.0
baseline,7510101,responsive,F0,16,0,0.0,0.0
baseline,7510101,responsive,F0,17,0,0.0,0.0
baseline,7510101,responsive,plus,0,0,0.0,0.0
baseline,7510101,responsive,plus,1,0,0.0,0.0
baseline,7510101,responsive,plus,2,0,0.0,0.0
baseline,7510101,responsive,plus,3,2013,0.0932021629070787,2.9534816906307063e-06
baseline,7510101,responsive,plus,4,0,0.0,0.0
baseline,7510101,responsive,plus,5,2013,0.09337468277668276,-1.3169505750527128e-06
baseline,7510101,responsive,plus,6,4767,0.19728715754334072,-1.6690226406016325e-05
baseline,7510101,responsive,plus,7,0,0.0,0.0
baseline,7510101,responsive,plus,8,4767,0.19390048907963325,0.0001963287146665519
baseline,7510101,responsive,plus,9,3537,0.13641919068570596,0.00035208449047663
baseline,7510101,responsive,plus,10,0,0.0,0.0
baseline,7510101,responsive,plus,11,3537,0.13283775998416647,0.0008391895709519678
baseline,7510101,responsive,plus,12,870,0.02500986363988424,3.462295465688592e-05
baseline,7510101,responsive,plus,13,0,0.0,0.0
baseline,7510101,responsive,plus,14,870,0.02771032013256957,9.057913668614233e-05
baseline,7510101,responsive,plus,15,0,0.0,0.0
baseline,7510101,responsive,plus,16,0,0.0,0.0
baseline,7510101,responsive,plus,17,0,0.0,0.0
baseline,7510101,responsive,minus,0,0,0.0,0.0
baseline,7510101,responsive,minus,1,0,0.0,0.0
baseline,7510101,responsive,minus,2,0,0.0,0.0
baseline,7510101,responsive,minus,3,2013,0.09337468277668276,1.4184368376172141e-05
baseline,7510101,responsive,minus,4,0,0.0,0.0
baseline,7510101,responsive,minus,5,2013,0.0932021629070787,2.6393433287234504e-05
baseline,7510101,responsive,minus,6,4767,0.19390048907963325,-4.0986935994353195e-06
baseline,7510101,responsive,minus,7,0,0.0,0.0
baseline,7510101,responsive,minus,8,4767,0.19728715754334072,3.982049871787332e-05
baseline,7510101,responsive,minus,9,3537,0.13283775998416647,0.0004515204208937054
baseline,7510101,responsive,minus,10,0,0.0,0.0
baseline,7510101,responsive,minus,11,3537,0.13641919068570596,0.000812195196537204
baseline,7510101,responsive,minus,12,870,0.02771032013256957,2.6521480508757094e-05
baseline,7510101,responsive,minus,13,0,0.0,0.0
baseline,7510101,responsive,minus,14,870,0.02500986363988424,9.006927155879831e-05
baseline,7510101,responsive,minus,15,0,0.0,0.0
baseline,7510101,responsive,minus,16,0,0.0,0.0
baseline,7510101,responsive,minus,17,0,0.0,0.0
baseline,7510102,fixed_halo,F0,0,0,0.0,0.0
baseline,7510102,fixed_halo,F0,1,0,0.0,0.0
baseline,7510102,fixed_halo,F0,2,0,0.0,0.0
baseline,7510102,fixed_halo,F0,3,2216,0.09555584658615901,7.290635459458567e-06
baseline,7510102,fixed_halo,F0,4,0,0.0,0.0
baseline,7510102,fixed_halo,F0,5,2216,0.09555584658615901,2.1929898909909466e-05
baseline,7510102,fixed_halo,F0,6,4698,0.1965080133371662,2.6719477796748895e-05
baseline,7510102,fixed_halo,F0,7,0,0.0,0.0
baseline,7510102,fixed_halo,F0,8,4698,0.1965080133371662,-4.0219077088328656e-05
baseline,7510102,fixed_halo,F0,9,3450,0.1318960824926866,0.00011631248105190291
baseline,7510102,fixed_halo,F0,10,0,0.0,0.0
baseline,7510102,fixed_halo,F0,11,3450,0.1318960824926866,0.0003167928726886944
baseline,7510102,fixed_halo,F0,12,818,0.024465777513713614,-2.493551065581158e-06
baseline,7510102,fixed_halo,F0,13,0,0.0,0.0
baseline,7510102,fixed_halo,F0,14,818,0.024465777513713614,-4.5160419974668035e-06
baseline,7510102,fixed_halo,F0,15,0,0.0,0.0
baseline,7510102,fixed_halo,F0,16,0,0.0,0.0
baseline,7510102,fixed_halo,F0,17,0,0.0,0.0
baseline,7510102,fixed_halo,plus,0,0,0.0,0.0
baseline,7510102,fixed_halo,plus,1,0,0.0,0.0
baseline,7510102,fixed_halo,plus,2,0,0.0,0.0
baseline,7510102,fixed_halo,plus,3,2216,0.09553142879268788,7.5369986689514745e-06
baseline,7510102,fixed_halo,plus,4,0,0.0,0.0
baseline,7510102,fixed_halo,plus,5,2216,0.09558026437963034,2.3409434614083724e-05
baseline,7510102,fixed_halo,plus,6,4698,0.19784849291012815,2.7729213763886534e-05
baseline,7510102,fixed_halo,plus,7,0,0.0,0.0
baseline,7510102,fixed_halo,plus,8,4698,0.19516753376420373,-4.758254241196339e-05
baseline,7510102,fixed_halo,plus,9,3450,0.13353198115294404,0.00011873413836361805
baseline,7510102,fixed_halo,plus,10,0,0.0,0.0
baseline,7510102,fixed_halo,plus,11,3450,0.13026018383242866,0.0003351041391918353
baseline,7510102,fixed_halo,plus,12,818,0.023447992424090465,-2.6699446988423753e-06
baseline,7510102,fixed_halo,plus,13,0,0.0,0.0
baseline,7510102,fixed_halo,plus,14,818,0.025483562603336785,-2.891400369849669e-06
baseline,7510102,fixed_halo,plus,15,0,0.0,0.0
baseline,7510102,fixed_halo,plus,16,0,0.0,0.0
baseline,7510102,fixed_halo,plus,17,0,0.0,0.0
baseline,7510102,fixed_halo,minus,0,0,0.0,0.0
baseline,7510102,fixed_halo,minus,1,0,0.0,0.0
baseline,7510102,fixed_halo,minus,2,0,0.0,0.0
baseline,7510102,fixed_halo,minus,3,2216,0.09558026437963034,7.049674383664886e-06
baseline,7510102,fixed_halo,minus,4,0,0.0,0.0
baseline,7510102,fixed_halo,minus,5,2216,0.09553142879268788,2.021694659738071e-05
baseline,7510102,fixed_halo,minus,6,4698,0.19516753376420373,2.574748577683407e-05
baseline,7510102,fixed_halo,minus,7,0,0.0,0.0
baseline,7510102,fixed_halo,minus,8,4698,0.19784849291012815,-3.172133798316881e-05
baseline,7510102,fixed_halo,minus,9,3450,0.13026018383242866,0.00011406091675823183
baseline,7510102,fixed_halo,minus,10,0,0.0,0.0
baseline,7510102,fixed_halo,minus,11,3450,0.13353198115294404,0.000303895009635529
baseline,7510102,fixed_halo,minus,12,818,0.025483562603336785,-2.334574274043962e-06
baseline,7510102,fixed_halo,minus,13,0,0.0,0.0
baseline,7510102,fixed_halo,minus,14,818,0.023447992424090465,-6.088954750730266e-06
baseline,7510102,fixed_halo,minus,15,0,0.0,0.0
baseline,7510102,fixed_halo,minus,16,0,0.0,0.0
baseline,7510102,fixed_halo,minus,17,0,0.0,0.0
baseline,7510102,responsive,F0,0,0,0.0,0.0
baseline,7510102,responsive,F0,1,0,0.0,0.0
baseline,7510102,responsive,F0,2,0,0.0,0.0
baseline,7510102,responsive,F0,3,2216,0.09555584658615901,-4.9058402132727935e-06
baseline,7510102,responsive,F0,4,0,0.0,0.0
baseline,7510102,responsive,F0,5,2216,0.09555584658615901,-4.904302704160992e-06
baseline,7510102,responsive,F0,6,4698,0.1965080133371662,6.646288548263074e-05
baseline,7510102,responsive,F0,7,0,0.0,0.0
baseline,7510102,responsive,F0,8,4698,0.1965080133371662,0.0001607242716174684
baseline,7510102,responsive,F0,9,3450,0.1318960824926866,0.00034629166570564706
baseline,7510102,responsive,F0,10,0,0.0,0.0
baseline,7510102,responsive,F0,11,3450,0.1318960824926866,0.0006645139211813708
baseline,7510102,responsive,F0,12,818,0.024465777513713614,4.5071908046394515e-05
baseline,7510102,responsive,F0,13,0,0.0,0.0
baseline,7510102,responsive,F0,14,818,0.024465777513713614,0.0001377778612010815
baseline,7510102,responsive,F0,15,0,0.0,0.0
baseline,7510102,responsive,F0,16,0,0.0,0.0
baseline,7510102,responsive,F0,17,0,0.0,0.0
baseline,7510102,responsive,plus,0,0,0.0,0.0
baseline,7510102,responsive,plus,1,0,0.0,0.0
baseline,7510102,responsive,plus,2,0,0.0,0.0
baseline,7510102,responsive,plus,3,2216,0.09553142879268788,-3.6186895360595184e-06
baseline,7510102,responsive,plus,4,0,0.0,0.0
baseline,7510102,responsive,plus,5,2216,0.09558026437963034,-4.302607640467405e-05
baseline,7510102,responsive,plus,6,4698,0.19784849291012815,4.654668088043881e-05
baseline,7510102,responsive,plus,7,0,0.0,0.0
baseline,7510102,responsive,plus,8,4698,0.19516753376420373,0.00016982403513162212
baseline,7510102,responsive,plus,9,3450,0.13353198115294404,0.00035617744803147477
baseline,7510102,responsive,plus,10,0,0.0,0.0
baseline,7510102,responsive,plus,11,3450,0.13026018383242866,0.0007702938187935716
baseline,7510102,responsive,plus,12,818,0.023447992424090465,4.1700898846984064e-05
baseline,7510102,responsive,plus,13,0,0.0,0.0
baseline,7510102,responsive,plus,14,818,0.025483562603336785,0.00010679951398555806
baseline,7510102,responsive,plus,15,0,0.0,0.0
baseline,7510102,responsive,plus,16,0,0.0,0.0
baseline,7510102,responsive,plus,17,0,0.0,0.0
baseline,7510102,responsive,minus,0,0,0.0,0.0
baseline,7510102,responsive,minus,1,0,0.0,0.0
baseline,7510102,responsive,minus,2,0,0.0,0.0
baseline,7510102,responsive,minus,3,2216,0.09558026437963034,3.959161773043379e-06
baseline,7510102,responsive,minus,4,0,0.0,0.0
baseline,7510102,responsive,minus,5,2216,0.09553142879268788,-5.6439636319724444e-05
baseline,7510102,responsive,minus,6,4698,0.19516753376420373,7.104791505535569e-05
baseline,7510102,responsive,minus,7,0,0.0,0.0
baseline,7510102,responsive,minus,8,4698,0.19784849291012815,0.00020932319278159305
baseline,7510102,responsive,minus,9,3450,0.13026018383242866,0.00033530317988933673
baseline,7510102,responsive,minus,10,0,0.0,0.0
baseline,7510102,responsive,minus,11,3450,0.13353198115294404,0.0007363198547582963
baseline,7510102,responsive,minus,12,818,0.025483562603336785,5.127892974118388e-05
baseline,7510102,responsive,minus,13,0,0.0,0.0
baseline,7510102,responsive,minus,14,818,0.023447992424090465,0.0001755137286971848
baseline,7510102,responsive,minus,15,0,0.0,0.0
baseline,7510102,responsive,minus,16,0,0.0,0.0
baseline,7510102,responsive,minus,17,0,0.0,0.0
baseline,7510103,fixed_halo,F0,0,0,0.0,0.0
baseline,7510103,fixed_halo,F0,1,0,0.0,0.0
baseline,7510103,fixed_halo,F0,2,0,0.0,0.0
baseline,7510103,fixed_halo,F0,3,2169,0.09473025732843995,1.01975634356054e-05
baseline,7510103,fixed_halo,F0,4,0,0.0,0.0
baseline,7510103,fixed_halo,F0,5,2169,0.09473025732843995,4.177369729693355e-05
baseline,7510103,fixed_halo,F0,6,4737,0.19671506865632146,6.565788308555418e-06
baseline,7510103,fixed_halo,F0,7,0,0.0,0.0
baseline,7510103,fixed_halo,F0,8,4737,0.19671506865632146,-4.1811508577969833e-07
baseline,7510103,fixed_halo,F0,9,3462,0.13344246418860292,0.00020888606732153434
baseline,7510103,fixed_halo,F0,10,0,0.0,0.0
baseline,7510103,fixed_halo,F0,11,3462,0.13344246418860292,0.00030446176173407416
baseline,7510103,fixed_halo,F0,12,854,0.024041944485253607,3.1307547476559093e-06
baseline,7510103,fixed_halo,F0,13,0,0.0,0.0
baseline,7510103,fixed_halo,F0,14,854,0.024041944485253607,-8.464683026365709e-06
baseline,7510103,fixed_halo,F0,15,0,0.0,0.0
baseline,7510103,fixed_halo,F0,16,0,0.0,0.0
baseline,7510103,fixed_halo,F0,17,0,0.0,0.0
baseline,7510103,fixed_halo,plus,0,0,0.0,0.0
baseline,7510103,fixed_halo,plus,1,0,0.0,0.0
baseline,7510103,fixed_halo,plus,2,0,0.0,0.0
baseline,7510103,fixed_halo,plus,3,2169,0.0947213600090014,1.0623799554900095e-05
baseline,7510103,fixed_halo,plus,4,0,0.0,0.0
baseline,7510103,fixed_halo,plus,5,2169,0.09473915464787806,3.807829519395475e-05
baseline,7510103,fixed_halo,plus,6,4737,0.19803111828661507,8.1825601297482e-06
baseline,7510103,fixed_halo,plus,7,0,0.0,0.0
baseline,7510103,fixed_halo,plus,8,4737,0.1953990190260275,-5.2227065509826914e-06
baseline,7510103,fixed_halo,plus,9,3462,0.13525858680505856,0.00020976540559843943
baseline,7510103,fixed_halo,plus,10,0,0.0,0.0
baseline,7510103,fixed_halo,plus,11,3462,0.1316263415721464,0.00030017575590760904
baseline,7510103,fixed_halo,plus,12,854,0.02252416159069245,2.974055892953214e-06
baseline,7510103,fixed_halo,plus,13,0,0.0,0.0
baseline,7510103,fixed_halo,plus,14,854,0.025559727379814823,-7.5174868524483944e-06
baseline,7510103,fixed_halo,plus,15,0,0.0,0.0
baseline,7510103,fixed_halo,plus,16,0,0.0,0.0
baseline,7510103,fixed_halo,plus,17,0,0.0,0.0
baseline,7510103,fixed_halo,minus,0,0,0.0,0.0
baseline,7510103,fixed_halo,minus,1,0,0.0,0.0
baseline,7510103,fixed_halo,minus,2,0,0.0,0.0
baseline,7510103,fixed_halo,minus,3,2169,0.09473915464787806,9.748847222926982e-06
baseline,7510103,fixed_halo,minus,4,0,0.0,0.0
baseline,7510103,fixed_halo,minus,5,2169,0.0947213600090014,4.3034317810553395e-05
baseline,7510103,fixed_halo,minus,6,4737,0.1953990190260275,4.855509823365324e-06
baseline,7510103,fixed_halo,minus,7,0,0.0,0.0
baseline,7510103,fixed_halo,minus,8,4737,0.19803111828661507,3.6748426238458014e-06
baseline,7510103,fixed_halo,minus,9,3462,0.1316263415721464,0.00020789496370031074
baseline,7510103,fixed_halo,minus,10,0,0.0,0.0
baseline,7510103,fixed_halo,minus,11,3462,0.13525858680505856,0.0003125722532334632
baseline,7510103,fixed_halo,minus,12,854,0.025559727379814823,3.2719918654971946e-06
baseline,7510103,fixed_halo,minus,13,0,0.0,0.0
baseline,7510103,fixed_halo,minus,14,854,0.02252416159069245,-9.417468522997707e-06
baseline,7510103,fixed_halo,minus,15,0,0.0,0.0
baseline,7510103,fixed_halo,minus,16,0,0.0,0.0
baseline,7510103,fixed_halo,minus,17,0,0.0,0.0
baseline,7510103,responsive,F0,0,0,0.0,0.0
baseline,7510103,responsive,F0,1,0,0.0,0.0
baseline,7510103,responsive,F0,2,0,0.0,0.0
baseline,7510103,responsive,F0,3,2169,0.09473025732843995,-1.6524899014404679e-06
baseline,7510103,responsive,F0,4,0,0.0,0.0
baseline,7510103,responsive,F0,5,2169,0.09473025732843995,5.76849934181019e-05
baseline,7510103,responsive,F0,6,4737,0.19671506865632146,3.009593698216756e-05
baseline,7510103,responsive,F0,7,0,0.0,0.0
baseline,7510103,responsive,F0,8,4737,0.19671506865632146,3.900273572301704e-05
baseline,7510103,responsive,F0,9,3462,0.13344246418860292,0.0004982640586117274
baseline,7510103,responsive,F0,10,0,0.0,0.0
baseline,7510103,responsive,F0,11,3462,0.13344246418860292,0.0006044341276292168
baseline,7510103,responsive,F0,12,854,0.024041944485253607,5.5257076658105736e-05
baseline,7510103,responsive,F0,13,0,0.0,0.0
baseline,7510103,responsive,F0,14,854,0.024041944485253607,9.602228627156225e-05
baseline,7510103,responsive,F0,15,0,0.0,0.0
baseline,7510103,responsive,F0,16,0,0.0,0.0
baseline,7510103,responsive,F0,17,0,0.0,0.0
baseline,7510103,responsive,plus,0,0,0.0,0.0
baseline,7510103,responsive,plus,1,0,0.0,0.0
baseline,7510103,responsive,plus,2,0,0.0,0.0
baseline,7510103,responsive,plus,3,2169,0.0947213600090014,-3.152995895061724e-07
baseline,7510103,responsive,plus,4,0,0.0,0.0
baseline,7510103,responsive,plus,5,2169,0.09473915464787806,7.016985296318438e-05
baseline,7510103,responsive,plus,6,4737,0.19803111828661507,6.619397031470163e-06
baseline,7510103,responsive,plus,7,0,0.0,0.0
baseline,7510103,responsive,plus,8,4737,0.1953990190260275,1.6444040066260029e-06
baseline,7510103,responsive,plus,9,3462,0.13525858680505856,0.00047014820082879455
baseline,7510103,responsive,plus,10,0,0.0,0.0
baseline,7510103,responsive,plus,11,3462,0.1316263415721464,0.0007582994941164959
baseline,7510103,responsive,plus,12,854,0.02252416159069245,4.8112063928059355e-05
baseline,7510103,responsive,plus,13,0,0.0,0.0
baseline,7510103,responsive,plus,14,854,0.025559727379814823,0.00012122010574522639
baseline,7510103,responsive,plus,15,0,0.0,0.0
baseline,7510103,responsive,plus,16,0,0.0,0.0
baseline,7510103,responsive,plus,17,0,0.0,0.0
baseline,7510103,responsive,minus,0,0,0.0,0.0
baseline,7510103,responsive,minus,1,0,0.0,0.0
baseline,7510103,responsive,minus,2,0,0.0,0.0
baseline,7510103,responsive,minus,3,2169,0.09473915464787806,-1.147618879614677e-05
baseline,7510103,responsive,minus,4,0,0.0,0.0
baseline,7510103,responsive,minus,5,2169,0.0947213600090014,-1.5998265996250745e-06
baseline,7510103,responsive,minus,6,4737,0.1953990190260275,-3.540704950590529e-07
baseline,7510103,responsive,minus,7,0,0.0,0.0
baseline,7510103,responsive,minus,8,4737,0.19803111828661507,3.2421588264143445e-05
baseline,7510103,responsive,minus,9,3462,0.1316263415721464,0.0004006608310243994
baseline,7510103,responsive,minus,10,0,0.0,0.0
baseline,7510103,responsive,minus,11,3462,0.13525858680505856,0.0007323056518114207
baseline,7510103,responsive,minus,12,854,0.025559727379814823,4.244449822444277e-05
baseline,7510103,responsive,minus,13,0,0.0,0.0
baseline,7510103,responsive,minus,14,854,0.02252416159069245,7.853056181593113e-05
baseline,7510103,responsive,minus,15,0,0.0,0.0
baseline,7510103,responsive,minus,16,0,0.0,0.0
baseline,7510103,responsive,minus,17,0,0.0,0.0
baseline,7510104,fixed_halo,F0,0,0,0.0,0.0
baseline,7510104,fixed_halo,F0,1,0,0.0,0.0
baseline,7510104,fixed_halo,F0,2,0,0.0,0.0
baseline,7510104,fixed_halo,F0,3,2004,0.09361668662878035,4.8965714426698305e-06
baseline,7510104,fixed_halo,F0,4,0,0.0,0.0
baseline,7510104,fixed_halo,F0,5,2004,0.09361668662878035,1.439016329856466e-05
baseline,7510104,fixed_halo,F0,6,4796,0.19569884739036822,-1.3078673434295783e-05
baseline,7510104,fixed_halo,F0,7,0,0.0,0.0
baseline,7510104,fixed_halo,F0,8,4796,0.19569884739036822,-1.8810524986943838e-05
baseline,7510104,fixed_halo,F0,9,3505,0.13427923163703115,0.00012777210537395995
baseline,7510104,fixed_halo,F0,10,0,0.0,0.0
baseline,7510104,fixed_halo,F0,11,3505,0.13427923163703115,0.00015069586529401887
baseline,7510104,fixed_halo,F0,12,944,0.026155604494518165,-8.765693038692012e-07
baseline,7510104,fixed_halo,F0,13,0,0.0,0.0
baseline,7510104,fixed_halo,F0,14,944,0.026155604494518165,5.283831497674346e-08
baseline,7510104,fixed_halo,F0,15,0,0.0,0.0
baseline,7510104,fixed_halo,F0,16,0,0.0,0.0
baseline,7510104,fixed_halo,F0,17,0,0.0,0.0
baseline,7510104,fixed_halo,plus,0,0,0.0,0.0
baseline,7510104,fixed_halo,plus,1,0,0.0,0.0
baseline,7510104,fixed_halo,plus,2,0,0.0,0.0
baseline,7510104,fixed_halo,plus,3,2004,0.0935767772930082,5.018992551362082e-06
baseline,7510104,fixed_halo,plus,4,0,0.0,0.0
baseline,7510104,fixed_halo,plus,5,2004,0.09365659596455209,1.4070521634034149e-05
baseline,7510104,fixed_halo,plus,6,4796,0.19727265620781553,-1.318356877707689e-05
baseline,7510104,fixed_halo,plus,7,0,0.0,0.0
baseline,7510104,fixed_halo,plus,8,4796,0.19412503857292054,-2.2544257305694505e-05
baseline,7510104,fixed_halo,plus,9,3505,0.13597922754382227,0.00013047033788820685
baseline,7510104,fixed_halo,plus,10,0,0.0,0.0
baseline,7510104,fixed_halo,plus,11,3505,0.1325792357302399,0.000151394790882225
baseline,7510104,fixed_halo,plus,12,944,0.024431656987641333,-3.2642207695315855e-07
baseline,7510104,fixed_halo,plus,13,0,0.0,0.0
baseline,7510104,fixed_halo,plus,14,944,0.02787955200139494,1.203522433338486e-06
baseline,7510104,fixed_halo,plus,15,0,0.0,0.0
baseline,7510104,fixed_halo,plus,16,0,0.0,0.0
baseline,7510104,fixed_halo,plus,17,0,0.0,0.0
baseline,7510104,fixed_halo,minus,0,0,0.0,0.0
baseline,7510104,fixed_halo,minus,1,0,0.0,0.0
baseline,7510104,fixed_halo,minus,2,0,0.0,0.0
baseline,7510104,fixed_halo,minus,3,2004,0.09365659596455209,4.773352641824759e-06
baseline,7510104,fixed_halo,minus,4,0,0.0,0.0
baseline,7510104,fixed_halo,minus,5,2004,0.0935767772930082,1.4651502751039244e-05
baseline,7510104,fixed_halo,minus,6,4796,0.19412503857292054,-1.2974789818474037e-05
baseline,7510104,fixed_halo,minus,7,0,0.0,0.0
baseline,7510104,fixed_halo,minus,8,4796,0.19727265620781553,-1.4838452983712341e-05
baseline,7510104,fixed_halo,minus,9,3505,0.1325792357302399,0.00012506058031717536
baseline,7510104,fixed_halo,minus,10,0,0.0,0.0
baseline,7510104,fixed_halo,minus,11,3505,0.13597922754382227,0.00014983430561090055
baseline,7510104,fixed_halo,minus,12,944,0.02787955200139494,-1.41392923958041e-06
baseline,7510104,fixed_halo,minus,13,0,0.0,0.0
baseline,7510104,fixed_halo,minus,14,944,0.024431656987641333,-1.10107871558148e-06
baseline,7510104,fixed_halo,minus,15,0,0.0,0.0
baseline,7510104,fixed_halo,minus,16,0,0.0,0.0
baseline,7510104,fixed_halo,minus,17,0,0.0,0.0
baseline,7510104,responsive,F0,0,0,0.0,0.0
baseline,7510104,responsive,F0,1,0,0.0,0.0
baseline,7510104,responsive,F0,2,0,0.0,0.0
baseline,7510104,responsive,F0,3,2004,0.09361668662878035,1.0097234553604019e-05
baseline,7510104,responsive,F0,4,0,0.0,0.0
baseline,7510104,responsive,F0,5,2004,0.09361668662878035,3.741790387006009e-05
baseline,7510104,responsive,F0,6,4796,0.19569884739036822,2.6687529228424133e-05
baseline,7510104,responsive,F0,7,0,0.0,0.0
baseline,7510104,responsive,F0,8,4796,0.19569884739036822,-0.00022256694356675644
baseline,7510104,responsive,F0,9,3505,0.13427923163703115,0.00031159777709118376
baseline,7510104,responsive,F0,10,0,0.0,0.0
baseline,7510104,responsive,F0,11,3505,0.13427923163703115,0.0008914425867520702
baseline,7510104,responsive,F0,12,944,0.026155604494518165,8.886035515384139e-06
baseline,7510104,responsive,F0,13,0,0.0,0.0
baseline,7510104,responsive,F0,14,944,0.026155604494518165,0.00011924938654792801
baseline,7510104,responsive,F0,15,0,0.0,0.0
baseline,7510104,responsive,F0,16,0,0.0,0.0
baseline,7510104,responsive,F0,17,0,0.0,0.0
baseline,7510104,responsive,plus,0,0,0.0,0.0
baseline,7510104,responsive,plus,1,0,0.0,0.0
baseline,7510104,responsive,plus,2,0,0.0,0.0
baseline,7510104,responsive,plus,3,2004,0.0935767772930082,2.0803024673905074e-05
baseline,7510104,responsive,plus,4,0,0.0,0.0
baseline,7510104,responsive,plus,5,2004,0.09365659596455209,1.3212195392189976e-05
baseline,7510104,responsive,plus,6,4796,0.19727265620781553,-5.396950775509881e-05
baseline,7510104,responsive,plus,7,0,0.0,0.0
baseline,7510104,responsive,plus,8,4796,0.19412503857292054,-0.00012645405540447397
baseline,7510104,responsive,plus,9,3505,0.13597922754382227,0.0003679138591103509
baseline,7510104,responsive,plus,10,0,0.0,0.0
baseline,7510104,responsive,plus,11,3505,0.1325792357302399,0.0008906146155180122
baseline,7510104,responsive,plus,12,944,0.024431656987641333,2.2244703394354788e-05
baseline,7510104,responsive,plus,13,0,0.0,0.0
baseline,7510104,responsive,plus,14,944,0.02787955200139494,0.00010291657398171418
baseline,7510104,responsive,plus,15,0,0.0,0.0
baseline,7510104,responsive,plus,16,0,0.0,0.0
baseline,7510104,responsive,plus,17,0,0.0,0.0
baseline,7510104,responsive,minus,0,0,0.0,0.0
baseline,7510104,responsive,minus,1,0,0.0,0.0
baseline,7510104,responsive,minus,2,0,0.0,0.0
baseline,7510104,responsive,minus,3,2004,0.09365659596455209,5.150658608484748e-07
baseline,7510104,responsive,minus,4,0,0.0,0.0
baseline,7510104,responsive,minus,5,2004,0.0935767772930082,2.2882452480533116e-05
baseline,7510104,responsive,minus,6,4796,0.19412503857292054,-4.33868141951093e-05
baseline,7510104,responsive,minus,7,0,0.0,0.0
baseline,7510104,responsive,minus,8,4796,0.19727265620781553,-0.00010909744541458135
baseline,7510104,responsive,minus,9,3505,0.1325792357302399,0.0004424952687304857
baseline,7510104,responsive,minus,10,0,0.0,0.0
baseline,7510104,responsive,minus,11,3505,0.13597922754382227,0.0009306752685469392
baseline,7510104,responsive,minus,12,944,0.02787955200139494,2.327922946956615e-05
baseline,7510104,responsive,minus,13,0,0.0,0.0
baseline,7510104,responsive,minus,14,944,0.024431656987641333,8.758886492584984e-05
baseline,7510104,responsive,minus,15,0,0.0,0.0
baseline,7510104,responsive,minus,16,0,0.0,0.0
baseline,7510104,responsive,minus,17,0,0.0,0.0
baseline,7510105,fixed_halo,F0,0,0,0.0,0.0
baseline,7510105,fixed_halo,F0,1,0,0.0,0.0
baseline,7510105,fixed_halo,F0,2,0,0.0,0.0
baseline,7510105,fixed_halo,F0,3,2103,0.09680505748368456,8.55239893628179e-06
baseline,7510105,fixed_halo,F0,4,0,0.0,0.0
baseline,7510105,fixed_halo,F0,5,2103,0.09680505748368456,2.9988560060667698e-05
baseline,7510105,fixed_halo,F0,6,4730,0.1942203879073646,1.158911135083043e-05
baseline,7510105,fixed_halo,F0,7,0,0.0,0.0
baseline,7510105,fixed_halo,F0,8,4730,0.1942203879073646,-8.453774436637249e-07
baseline,7510105,fixed_halo,F0,9,3468,0.13237930294845834,0.00011652081482119759
baseline,7510105,fixed_halo,F0,10,0,0.0,0.0
baseline,7510105,fixed_halo,F0,11,3468,0.13237930294845834,0.00029106495237031743
baseline,7510105,fixed_halo,F0,12,946,0.02692342650340762,-2.681732229743973e-06
baseline,7510105,fixed_halo,F0,13,0,0.0,0.0
baseline,7510105,fixed_halo,F0,14,946,0.02692342650340762,-9.685639191935173e-06
baseline,7510105,fixed_halo,F0,15,0,0.0,0.0
baseline,7510105,fixed_halo,F0,16,0,0.0,0.0
baseline,7510105,fixed_halo,F0,17,0,0.0,0.0
baseline,7510105,fixed_halo,plus,0,0,0.0,0.0
baseline,7510105,fixed_halo,plus,1,0,0.0,0.0
baseline,7510105,fixed_halo,plus,2,0,0.0,0.0
baseline,7510105,fixed_halo,plus,3,2103,0.09677406197811526,8.442770831287051e-06
baseline,7510105,fixed_halo,plus,4,0,0.0,0.0
baseline,7510105,fixed_halo,plus,5,2103,0.09683605298925367,3.127442189459328e-05
baseline,7510105,fixed_halo,plus,6,4730,0.19568573905232217,1.2134064720739762e-05
baseline,7510105,fixed_halo,plus,7,0,0.0,0.0
baseline,7510105,fixed_halo,plus,8,4730,0.1927550367624076,-8.998084828116613e-06
baseline,7510105,fixed_halo,plus,9,3468,0.134361231667968,0.00011739888146010974
baseline,7510105,fixed_halo,plus,10,0,0.0,0.0
baseline,7510105,fixed_halo,plus,11,3468,0.130397374228948,0.0002900881562231586
baseline,7510105,fixed_halo,plus,12,946,0.02494508220402833,-2.7416673983009843e-06
baseline,7510105,fixed_halo,plus,13,0,0.0,0.0
baseline,7510105,fixed_halo,plus,14,946,0.028901770802786875,-1.0010326413133995e-05
baseline,7510105,fixed_halo,plus,15,0,0.0,0.0
baseline,7510105,fixed_halo,plus,16,0,0.0,0.0
baseline,7510105,fixed_halo,plus,17,0,0.0,0.0
baseline,7510105,fixed_halo,minus,0,0,0.0,0.0
baseline,7510105,fixed_halo,minus,1,0,0.0,0.0
baseline,7510105,fixed_halo,minus,2,0,0.0,0.0
baseline,7510105,fixed_halo,minus,3,2103,0.09683605298925367,8.662592698528231e-06
baseline,7510105,fixed_halo,minus,4,0,0.0,0.0
baseline,7510105,fixed_halo,minus,5,2103,0.09677406197811526,2.947847274159453e-05
baseline,7510105,fixed_halo,minus,6,4730,0.1927550367624076,1.1048325577061421e-05
baseline,7510105,fixed_halo,minus,7,0,0.0,0.0
baseline,7510105,fixed_halo,minus,8,4730,0.19568573905232217,8.585455342688219e-06
baseline,7510105,fixed_halo,minus,9,3468,0.130397374228948,0.00011565714900785946
baseline,7510105,fixed_halo,minus,10,0,0.0,0.0
baseline,7510105,fixed_halo,minus,11,3468,0.134361231667968,0.0002921671033327133
baseline,7510105,fixed_halo,minus,12,946,0.028901770802786875,-2.624114304225283e-06
baseline,7510105,fixed_halo,minus,13,0,0.0,0.0
baseline,7510105,fixed_halo,minus,14,946,0.02494508220402833,-9.359512269573907e-06
baseline,7510105,fixed_halo,minus,15,0,0.0,0.0
baseline,7510105,fixed_halo,minus,16,0,0.0,0.0
baseline,7510105,fixed_halo,minus,17,0,0.0,0.0
baseline,7510105,responsive,F0,0,0,0.0,0.0
baseline,7510105,responsive,F0,1,0,0.0,0.0
baseline,7510105,responsive,F0,2,0,0.0,0.0
baseline,7510105,responsive,F0,3,2103,0.09680505748368456,6.6047207416192245e-06
baseline,7510105,responsive,F0,4,0,0.0,0.0
baseline,7510105,responsive,F0,5,2103,0.09680505748368456,-1.3974652246100612e-05
baseline,7510105,responsive,F0,6,4730,0.1942203879073646,-3.574295080621477e-05
baseline,7510105,responsive,F0,7,0,0.0,0.0
baseline,7510105,responsive,F0,8,4730,0.1942203879073646,-5.992590648104254e-07
baseline,7510105,responsive,F0,9,3468,0.13237930294845834,0.00045618686594442356
baseline,7510105,responsive,F0,10,0,0.0,0.0
baseline,7510105,responsive,F0,11,3468,0.13237930294845834,0.0010894223516924278
baseline,7510105,responsive,F0,12,946,0.02692342650340762,3.688832060876268e-05
baseline,7510105,responsive,F0,13,0,0.0,0.0
baseline,7510105,responsive,F0,14,946,0.02692342650340762,7.673353941865402e-05
baseline,7510105,responsive,F0,15,0,0.0,0.0
baseline,7510105,responsive,F0,16,0,0.0,0.0
baseline,7510105,responsive,F0,17,0,0.0,0.0
baseline,7510105,responsive,plus,0,0,0.0,0.0
baseline,7510105,responsive,plus,1,0,0.0,0.0
baseline,7510105,responsive,plus,2,0,0.0,0.0
baseline,7510105,responsive,plus,3,2103,0.09677406197811526,-1.5546651678444877e-05
baseline,7510105,responsive,plus,4,0,0.0,0.0
baseline,7510105,responsive,plus,5,2103,0.09683605298925367,-8.604478717271733e-06
baseline,7510105,responsive,plus,6,4730,0.19568573905232217,-2.5052431645266588e-05
baseline,7510105,responsive,plus,7,0,0.0,0.0
baseline,7510105,responsive,plus,8,4730,0.1927550367624076,5.96432900092894e-05
baseline,7510105,responsive,plus,9,3468,0.134361231667968,0.0004961426699269151
baseline,7510105,responsive,plus,10,0,0.0,0.0
baseline,7510105,responsive,plus,11,3468,0.130397374228948,0.0008618913544614231
baseline,7510105,responsive,plus,12,946,0.02494508220402833,4.521528093179159e-05
baseline,7510105,responsive,plus,13,0,0.0,0.0
baseline,7510105,responsive,plus,14,946,0.028901770802786875,0.00011378886404431406
baseline,7510105,responsive,plus,15,0,0.0,0.0
baseline,7510105,responsive,plus,16,0,0.0,0.0
baseline,7510105,responsive,plus,17,0,0.0,0.0
baseline,7510105,responsive,minus,0,0,0.0,0.0
baseline,7510105,responsive,minus,1,0,0.0,0.0
baseline,7510105,responsive,minus,2,0,0.0,0.0
baseline,7510105,responsive,minus,3,2103,0.09683605298925367,1.606342215610137e-05
baseline,7510105,responsive,minus,4,0,0.0,0.0
baseline,7510105,responsive,minus,5,2103,0.09677406197811526,-4.754054809555367e-05
baseline,7510105,responsive,minus,6,4730,0.1927550367624076,-6.465238648282141e-06
baseline,7510105,responsive,minus,7,0,0.0,0.0
baseline,7510105,responsive,minus,8,4730,0.19568573905232217,5.8142065243451185e-05
baseline,7510105,responsive,minus,9,3468,0.130397374228948,0.0004216901701581805
baseline,7510105,responsive,minus,10,0,0.0,0.0
baseline,7510105,responsive,minus,11,3468,0.134361231667968,0.0009405901878748381
baseline,7510105,responsive,minus,12,946,0.028901770802786875,2.8711311320509753e-05
baseline,7510105,responsive,minus,13,0,0.0,0.0
baseline,7510105,responsive,minus,14,946,0.02494508220402833,8.217615382777027e-05
baseline,7510105,responsive,minus,15,0,0.0,0.0
baseline,7510105,responsive,minus,16,0,0.0,0.0
baseline,7510105,responsive,minus,17,0,0.0,0.0
baseline,7510106,fixed_halo,F0,0,0,0.0,0.0
baseline,7510106,fixed_halo,F0,1,0,0.0,0.0
baseline,7510106,fixed_halo,F0,2,0,0.0,0.0
baseline,7510106,fixed_halo,F0,3,2174,0.09744281691076735,1.0938251074742348e-06
baseline,7510106,fixed_halo,F0,4,0,0.0,0.0
baseline,7510106,fixed_halo,F0,5,2174,0.09744281691076735,4.5738001306727684e-05
baseline,7510106,fixed_halo,F0,6,4789,0.19446818102227426,1.1999802706238674e-05
baseline,7510106,fixed_halo,F0,7,0,0.0,0.0
baseline,7510106,fixed_halo,F0,8,4789,0.19446818102227426,9.511003252142124e-06
baseline,7510106,fixed_halo,F0,9,3376,0.13268554684287054,0.0001071713658410269
baseline,7510106,fixed_halo,F0,10,0,0.0,0.0
baseline,7510106,fixed_halo,F0,11,3376,0.13268554684287054,0.0001372969075867905
baseline,7510106,fixed_halo,F0,12,877,0.02566936706075027,-2.710954495937488e-06
baseline,7510106,fixed_halo,F0,13,0,0.0,0.0
baseline,7510106,fixed_halo,F0,14,877,0.02566936706075027,-8.926331468701369e-07
baseline,7510106,fixed_halo,F0,15,0,0.0,0.0
baseline,7510106,fixed_halo,F0,16,0,0.0,0.0
baseline,7510106,fixed_halo,F0,17,0,0.0,0.0
baseline,7510106,fixed_halo,plus,0,0,0.0,0.0
baseline,7510106,fixed_halo,plus,1,0,0.0,0.0
baseline,7510106,fixed_halo,plus,2,0,0.0,0.0
baseline,7510106,fixed_halo,plus,3,2174,0.09739448335945038,1.1081146078866154e-06
baseline,7510106,fixed_halo,plus,4,0,0.0,0.0
baseline,7510106,fixed_halo,plus,5,2174,0.0974911504620844,4.357666454556729e-05
baseline,7510106,fixed_halo,plus,6,4789,0.19631414000929834,1.2015296236025637e-05
baseline,7510106,fixed_halo,plus,7,0,0.0,0.0
baseline,7510106,fixed_halo,plus,8,4789,0.19262222203525048,3.1678470180914516e-08
baseline,7510106,fixed_halo,plus,9,3376,0.13425795503458166,0.00010867598803635541
baseline,7510106,fixed_halo,plus,10,0,0.0,0.0
baseline,7510106,fixed_halo,plus,11,3376,0.13111313865115942,0.0001351240995615552
baseline,7510106,fixed_halo,plus,12,877,0.024099455136574258,-2.665374354873829e-06
baseline,7510106,fixed_halo,plus,13,0,0.0,0.0
baseline,7510106,fixed_halo,plus,14,877,0.027239278984926327,-1.210995444957945e-06
baseline,7510106,fixed_halo,plus,15,0,0.0,0.0
baseline,7510106,fixed_halo,plus,16,0,0.0,0.0
baseline,7510106,fixed_halo,plus,17,0,0.0,0.0
baseline,7510106,fixed_halo,minus,0,0,0.0,0.0
baseline,7510106,fixed_halo,minus,1,0,0.0,0.0
baseline,7510106,fixed_halo,minus,2,0,0.0,0.0
baseline,7510106,fixed_halo,minus,3,2174,0.0974911504620844,1.1017621501894534e-06
baseline,7510106,fixed_halo,minus,4,0,0.0,0.0
baseline,7510106,fixed_halo,minus,5,2174,0.09739448335945038,5.9172319647058465e-05
baseline,7510106,fixed_halo,minus,6,4789,0.19262222203525048,1.1971306669240025e-05
baseline,7510106,fixed_halo,minus,7,0,0.0,0.0
baseline,7510106,fixed_halo,minus,8,4789,0.19631414000929834,1.5383336550432168e-05
baseline,7510106,fixed_halo,minus,9,3376,0.13111313865115942,0.0001057301972477105
baseline,7510106,fixed_halo,minus,10,0,0.0,0.0
baseline,7510106,fixed_halo,minus,11,3376,0.13425795503458166,0.00013596606348073226
baseline,7510106,fixed_halo,minus,12,877,0.027239278984926327,-2.7628201361189745e-06
baseline,7510106,fixed_halo,minus,13,0,0.0,0.0
baseline,7510106,fixed_halo,minus,14,877,0.024099455136574258,-5.973306502621969e-07
baseline,7510106,fixed_halo,minus,15,0,0.0,0.0
baseline,7510106,fixed_halo,minus,16,0,0.0,0.0
baseline,7510106,fixed_halo,minus,17,0,0.0,0.0
baseline,7510106,responsive,F0,0,0,0.0,0.0
baseline,7510106,responsive,F0,1,0,0.0,0.0
baseline,7510106,responsive,F0,2,0,0.0,0.0
baseline,7510106,responsive,F0,3,2174,0.09744281691076735,-7.421563800047829e-06
baseline,7510106,responsive,F0,4,0,0.0,0.0
baseline,7510106,responsive,F0,5,2174,0.09744281691076735,2.8611720250464082e-05
baseline,7510106,responsive,F0,6,4789,0.19446818102227426,-1.1446630865367252e-05
baseline,7510106,responsive,F0,7,0,0.0,0.0
baseline,7510106,responsive,F0,8,4789,0.19446818102227426,-0.00010214003699899066
baseline,7510106,responsive,F0,9,3376,0.13268554684287054,0.0003237048762363663
baseline,7510106,responsive,F0,10,0,0.0,0.0
baseline,7510106,responsive,F0,11,3376,0.13268554684287054,0.0006685125240720964
baseline,7510106,responsive,F0,12,877,0.02566936706075027,7.352624305929358e-06
baseline,7510106,responsive,F0,13,0,0.0,0.0
baseline,7510106,responsive,F0,14,877,0.02566936706075027,8.438515725126824e-05
baseline,7510106,responsive,F0,15,0,0.0,0.0
baseline,7510106,responsive,F0,16,0,0.0,0.0
baseline,7510106,responsive,F0,17,0,0.0,0.0
baseline,7510106,responsive,plus,0,0,0.0,0.0
baseline,7510106,responsive,plus,1,0,0.0,0.0
baseline,7510106,responsive,plus,2,0,0.0,0.0
baseline,7510106,responsive,plus,3,2174,0.09739448335945038,-9.275232092665397e-06
baseline,7510106,responsive,plus,4,0,0.0,0.0
baseline,7510106,responsive,plus,5,2174,0.0974911504620844,2.980926122792689e-05
baseline,7510106,responsive,plus,6,4789,0.19631414000929834,-2.3678001053632678e-05
baseline,7510106,responsive,plus,7,0,0.0,0.0
baseline,7510106,responsive,plus,8,4789,0.19262222203525048,-0.00013312899397446224
baseline,7510106,responsive,plus,9,3376,0.13425795503458166,0.00040490493900974684
baseline,7510106,responsive,plus,10,0,0.0,0.0
baseline,7510106,responsive,plus,11,3376,0.13111313865115942,0.000803418037588816
baseline,7510106,responsive,plus,12,877,0.024099455136574258,3.9937540253182476e-05
baseline,7510106,responsive,plus,13,0,0.0,0.0
baseline,7510106,responsive,plus,14,877,0.027239278984926327,0.00010577420829149125
baseline,7510106,responsive,plus,15,0,0.0,0.0
baseline,7510106,responsive,plus,16,0,0.0,0.0
baseline,7510106,responsive,plus,17,0,0.0,0.0
baseline,7510106,responsive,minus,0,0,0.0,0.0
baseline,7510106,responsive,minus,1,0,0.0,0.0
baseline,7510106,responsive,minus,2,0,0.0,0.0
baseline,7510106,responsive,minus,3,2174,0.0974911504620844,5.089033429097732e-06
baseline,7510106,responsive,minus,4,0,0.0,0.0
baseline,7510106,responsive,minus,5,2174,0.09739448335945038,5.4484948231542963e-05
baseline,7510106,responsive,minus,6,4789,0.19262222203525048,3.115027361763678e-06
baseline,7510106,responsive,minus,7,0,0.0,0.0
baseline,7510106,responsive,minus,8,4789,0.19631414000929834,0.00012272164248805064
baseline,7510106,responsive,minus,9,3376,0.13111313865115942,0.00040285206081601735
baseline,7510106,responsive,minus,10,0,0.0,0.0
baseline,7510106,responsive,minus,11,3376,0.13425795503458166,0.0007063939072236729
baseline,7510106,responsive,minus,12,877,0.027239278984926327,2.2973441261068255e-05
baseline,7510106,responsive,minus,13,0,0.0,0.0
baseline,7510106,responsive,minus,14,877,0.024099455136574258,0.00010374101278756012
baseline,7510106,responsive,minus,15,0,0.0,0.0
baseline,7510106,responsive,minus,16,0,0.0,0.0
baseline,7510106,responsive,minus,17,0,0.0,0.0
baseline,7510107,fixed_halo,F0,0,0,0.0,0.0
baseline,7510107,fixed_halo,F0,1,0,0.0,0.0
baseline,7510107,fixed_halo,F0,2,0,0.0,0.0
baseline,7510107,fixed_halo,F0,3,2155,0.09786253281233817,1.1841028095720636e-05
baseline,7510107,fixed_halo,F0,4,0,0.0,0.0
baseline,7510107,fixed_halo,F0,5,2155,0.09786253281233817,3.5772884007868896e-05
baseline,7510107,fixed_halo,F0,6,4669,0.1916583814939601,2.89466521249042e-05
baseline,7510107,fixed_halo,F0,7,0,0.0,0.0
baseline,7510107,fixed_halo,F0,8,4669,0.1916583814939601,6.13982818890292e-05
baseline,7510107,fixed_halo,F0,9,3485,0.13404918683378228,0.0001619488000529716
baseline,7510107,fixed_halo,F0,10,0,0.0,0.0
baseline,7510107,fixed_halo,F0,11,3485,0.13404918683378228,0.00034272035747365254
baseline,7510107,fixed_halo,F0,12,938,0.026384195568066156,-4.178787845702277e-07
baseline,7510107,fixed_halo,F0,13,0,0.0,0.0
baseline,7510107,fixed_halo,F0,14,938,0.026384195568066156,-6.3755121368749115e-06
baseline,7510107,fixed_halo,F0,15,0,0.0,0.0
baseline,7510107,fixed_halo,F0,16,0,0.0,0.0
baseline,7510107,fixed_halo,F0,17,0,0.0,0.0
baseline,7510107,fixed_halo,plus,0,0,0.0,0.0
baseline,7510107,fixed_halo,plus,1,0,0.0,0.0
baseline,7510107,fixed_halo,plus,2,0,0.0,0.0
baseline,7510107,fixed_halo,plus,3,2155,0.0977997272879192,1.1838613540608917e-05
baseline,7510107,fixed_halo,plus,4,0,0.0,0.0
baseline,7510107,fixed_halo,plus,5,2155,0.09792533833675696,3.6848828247827483e-05
baseline,7510107,fixed_halo,plus,6,4669,0.1932000936990214,2.9458157302790946e-05
baseline,7510107,fixed_halo,plus,7,0,0.0,0.0
baseline,7510107,fixed_halo,plus,8,4669,0.19011666928889853,5.4102879216035776e-05
baseline,7510107,fixed_halo,plus,9,3485,0.1357533652025727,0.00016323381642680435
baseline,7510107,fixed_halo,plus,10,0,0.0,0.0
baseline,7510107,fixed_halo,plus,11,3485,0.132345008464992,0.0003395324049227682
baseline,7510107,fixed_halo,plus,12,938,0.024715916674007327,-5.525867950704869e-08
baseline,7510107,fixed_halo,plus,13,0,0.0,0.0
baseline,7510107,fixed_halo,plus,14,938,0.02805247446212503,-6.723413412189408e-06
baseline,7510107,fixed_halo,plus,15,0,0.0,0.0
baseline,7510107,fixed_halo,plus,16,0,0.0,0.0
baseline,7510107,fixed_halo,plus,17,0,0.0,0.0
baseline,7510107,fixed_halo,minus,0,0,0.0,0.0
baseline,7510107,fixed_halo,minus,1,0,0.0,0.0
baseline,7510107,fixed_halo,minus,2,0,0.0,0.0
baseline,7510107,fixed_halo,minus,3,2155,0.09792533833675696,1.1799298826455307e-05
baseline,7510107,fixed_halo,minus,4,0,0.0,0.0
baseline,7510107,fixed_halo,minus,5,2155,0.0977997272879192,3.3635421020433644e-05
baseline,7510107,fixed_halo,minus,6,4669,0.19011666928889853,2.8559540125402065e-05
baseline,7510107,fixed_halo,minus,7,0,0.0,0.0
baseline,7510107,fixed_halo,minus,8,4669,0.1932000936990214,5.970905998584145e-05
baseline,7510107,fixed_halo,minus,9,3485,0.132345008464992,0.00016042668656713184
baseline,7510107,fixed_halo,minus,10,0,0.0,0.0
baseline,7510107,fixed_halo,minus,11,3485,0.1357533652025727,0.0003404226904060154
baseline,7510107,fixed_halo,minus,12,938,0.02805247446212503,-8.053662882581494e-07
baseline,7510107,fixed_halo,minus,13,0,0.0,0.0
baseline,7510107,fixed_halo,minus,14,938,0.024715916674007327,-5.975455435365729e-06
baseline,7510107,fixed_halo,minus,15,0,0.0,0.0
baseline,7510107,fixed_halo,minus,16,0,0.0,0.0
baseline,7510107,fixed_halo,minus,17,0,0.0,0.0
baseline,7510107,responsive,F0,0,0,0.0,0.0
baseline,7510107,responsive,F0,1,0,0.0,0.0
baseline,7510107,responsive,F0,2,0,0.0,0.0
baseline,7510107,responsive,F0,3,2155,0.09786253281233817,-1.0569506824429047e-05
baseline,7510107,responsive,F0,4,0,0.0,0.0
baseline,7510107,responsive,F0,5,2155,0.09786253281233817,3.710065532748265e-05
baseline,7510107,responsive,F0,6,4669,0.1916583814939601,1.4833426212154225e-05
baseline,7510107,responsive,F0,7,0,0.0,0.0
baseline,7510107,responsive,F0,8,4669,0.1916583814939601,-0.00011785010699957668
baseline,7510107,responsive,F0,9,3485,0.13404918683378228,0.00042345750825664225
baseline,7510107,responsive,F0,10,0,0.0,0.0
baseline,7510107,responsive,F0,11,3485,0.13404918683378228,0.0007780336561198022
baseline,7510107,responsive,F0,12,938,0.026384195568066156,3.581703347922344e-05
baseline,7510107,responsive,F0,13,0,0.0,0.0
baseline,7510107,responsive,F0,14,938,0.026384195568066156,5.776787552564304e-05
baseline,7510107,responsive,F0,15,0,0.0,0.0
baseline,7510107,responsive,F0,16,0,0.0,0.0
baseline,7510107,responsive,F0,17,0,0.0,0.0
baseline,7510107,responsive,plus,0,0,0.0,0.0
baseline,7510107,responsive,plus,1,0,0.0,0.0
baseline,7510107,responsive,plus,2,0,0.0,0.0
baseline,7510107,responsive,plus,3,2155,0.0977997272879192,2.7272523745245776e-06
baseline,7510107,responsive,plus,4,0,0.0,0.0
baseline,7510107,responsive,plus,5,2155,0.09792533833675696,1.5442313653358805e-05
baseline,7510107,responsive,plus,6,4669,0.1932000936990214,1.5879705126019295e-05
baseline,7510107,responsive,plus,7,0,0.0,0.0
baseline,7510107,responsive,plus,8,4669,0.19011666928889853,-9.061080064537648e-05
baseline,7510107,responsive,plus,9,3485,0.1357533652025727,0.0003976533656737882
baseline,7510107,responsive,plus,10,0,0.0,0.0
baseline,7510107,responsive,plus,11,3485,0.132345008464992,0.0009243489388058156
baseline,7510107,responsive,plus,12,938,0.024715916674007327,2.2366170889096486e-05
baseline,7510107,responsive,plus,13,0,0.0,0.0
baseline,7510107,responsive,plus,14,938,0.02805247446212503,8.341049895878834e-05
baseline,7510107,responsive,plus,15,0,0.0,0.0
baseline,7510107,responsive,plus,16,0,0.0,0.0
baseline,7510107,responsive,plus,17,0,0.0,0.0
baseline,7510107,responsive,minus,0,0,0.0,0.0
baseline,7510107,responsive,minus,1,0,0.0,0.0
baseline,7510107,responsive,minus,2,0,0.0,0.0
baseline,7510107,responsive,minus,3,2155,0.09792533833675696,-7.06191311560777e-06
baseline,7510107,responsive,minus,4,0,0.0,0.0
baseline,7510107,responsive,minus,5,2155,0.0977997272879192,4.091797451020124e-05
baseline,7510107,responsive,minus,6,4669,0.19011666928889853,3.299929342502283e-05
baseline,7510107,responsive,minus,7,0,0.0,0.0
baseline,7510107,responsive,minus,8,4669,0.1932000936990214,6.691325257558314e-05
baseline,7510107,responsive,minus,9,3485,0.132345008464992,0.0003231851444528519
baseline,7510107,responsive,minus,10,0,0.0,0.0
baseline,7510107,responsive,minus,11,3485,0.1357533652025727,0.0007309921583055219
baseline,7510107,responsive,minus,12,938,0.02805247446212503,3.0825302978232066e-05
baseline,7510107,responsive,minus,13,0,0.0,0.0
baseline,7510107,responsive,minus,14,938,0.024715916674007327,5.307714317336762e-05
baseline,7510107,responsive,minus,15,0,0.0,0.0
baseline,7510107,responsive,minus,16,0,0.0,0.0
baseline,7510107,responsive,minus,17,0,0.0,0.0
baseline,7510108,fixed_halo,F0,0,0,0.0,0.0
baseline,7510108,fixed_halo,F0,1,0,0.0,0.0
baseline,7510108,fixed_halo,F0,2,0,0.0,0.0
baseline,7510108,fixed_halo,F0,3,2181,0.10004016617593739,-8.823401595125142e-06
baseline,7510108,fixed_halo,F0,4,0,0.0,0.0
baseline,7510108,fixed_halo,F0,5,2181,0.10004016617593739,1.0573382821055455e-05
baseline,7510108,fixed_halo,F0,6,4692,0.1925301721935504,3.601888857125908e-05
baseline,7510108,fixed_halo,F0,7,0,0.0,0.0
baseline,7510108,fixed_halo,F0,8,4692,0.1925301721935504,-2.360835755501405e-05
baseline,7510108,fixed_halo,F0,9,3456,0.13233874476140206,9.293971330050463e-05
baseline,7510108,fixed_halo,F0,10,0,0.0,0.0
baseline,7510108,fixed_halo,F0,11,3456,0.13233874476140206,0.0001250641030118128
baseline,7510108,fixed_halo,F0,12,870,0.025523881196506212,-9.250088959848099e-07
baseline,7510108,fixed_halo,F0,13,0,0.0,0.0
baseline,7510108,fixed_halo,F0,14,870,0.025523881196506212,-3.0827897561856625e-06
baseline,7510108,fixed_halo,F0,15,0,0.0,0.0
baseline,7510108,fixed_halo,F0,16,0,0.0,0.0
baseline,7510108,fixed_halo,F0,17,0,0.0,0.0
baseline,7510108,fixed_halo,plus,0,0,0.0,0.0
baseline,7510108,fixed_halo,plus,1,0,0.0,0.0
baseline,7510108,fixed_halo,plus,2,0,0.0,0.0
baseline,7510108,fixed_halo,plus,3,2181,0.10001539799821958,-8.984104215111508e-06
baseline,7510108,fixed_halo,plus,4,0,0.0,0.0
baseline,7510108,fixed_halo,plus,5,2181,0.10006493435365517,4.74410508366814e-06
baseline,7510108,fixed_halo,plus,6,4692,0.19393780600615282,3.5066497030640765e-05
baseline,7510108,fixed_halo,plus,7,0,0.0,0.0
baseline,7510108,fixed_halo,plus,8,4692,0.1911225383809486,-3.107018422857646e-05
baseline,7510108,fixed_halo,plus,9,3456,0.1343037624183325,9.511421744770161e-05
baseline,7510108,fixed_halo,plus,10,0,0.0,0.0
baseline,7510108,fixed_halo,plus,11,3456,0.13037372710447093,0.0001523039204202943
baseline,7510108,fixed_halo,plus,12,870,0.02409079602145942,-6.307595806707312e-07
baseline,7510108,fixed_halo,plus,13,0,0.0,0.0
baseline,7510108,fixed_halo,plus,14,870,0.026956966371553044,-3.4920389263535958e-06
baseline,7510108,fixed_halo,plus,15,0,0.0,0.0
baseline,7510108,fixed_halo,plus,16,0,0.0,0.0
baseline,7510108,fixed_halo,plus,17,0,0.0,0.0
baseline,7510108,fixed_halo,minus,0,0,0.0,0.0
baseline,7510108,fixed_halo,minus,1,0,0.0,0.0
baseline,7510108,fixed_halo,minus,2,0,0.0,0.0
baseline,7510108,fixed_halo,minus,3,2181,0.10006493435365517,-8.674250805133518e-06
baseline,7510108,fixed_halo,minus,4,0,0.0,0.0
baseline,7510108,fixed_halo,minus,5,2181,0.10001539799821958,1.4073376064702147e-05
baseline,7510108,fixed_halo,minus,6,4692,0.1911225383809486,3.693522696714703e-05
baseline,7510108,fixed_halo,minus,7,0,0.0,0.0
baseline,7510108,fixed_halo,minus,8,4692,0.19393780600615282,-3.1120677964765e-05
baseline,7510108,fixed_halo,minus,9,3456,0.13037372710447093,9.118305133876157e-05
baseline,7510108,fixed_halo,minus,10,0,0.0,0.0
baseline,7510108,fixed_halo,minus,11,3456,0.1343037624183325,0.0001250690825939899
baseline,7510108,fixed_halo,minus,12,870,0.026956966371553044,-1.2181494296995159e-06
baseline,7510108,fixed_halo,minus,13,0,0.0,0.0
baseline,7510108,fixed_halo,minus,14,870,0.02409079602145942,-2.6707882960099283e-06
baseline,7510108,fixed_halo,minus,15,0,0.0,0.0
baseline,7510108,fixed_halo,minus,16,0,0.0,0.0
baseline,7510108,fixed_halo,minus,17,0,0.0,0.0
baseline,7510108,responsive,F0,0,0,0.0,0.0
baseline,7510108,responsive,F0,1,0,0.0,0.0
baseline,7510108,responsive,F0,2,0,0.0,0.0
baseline,7510108,responsive,F0,3,2181,0.10004016617593739,1.1768860855602057e-05
baseline,7510108,responsive,F0,4,0,0.0,0.0
baseline,7510108,responsive,F0,5,2181,0.10004016617593739,5.924432800521277e-05
baseline,7510108,responsive,F0,6,4692,0.1925301721935504,2.3074294111577452e-05
baseline,7510108,responsive,F0,7,0,0.0,0.0
baseline,7510108,responsive,F0,8,4692,0.1925301721935504,9.029709845292708e-05
baseline,7510108,responsive,F0,9,3456,0.13233874476140206,0.000403084517405309
baseline,7510108,responsive,F0,10,0,0.0,0.0
baseline,7510108,responsive,F0,11,3456,0.13233874476140206,0.000656133936778506
baseline,7510108,responsive,F0,12,870,0.025523881196506212,2.5168911727612234e-05
baseline,7510108,responsive,F0,13,0,0.0,0.0
baseline,7510108,responsive,F0,14,870,0.025523881196506212,0.00010222826175380857
baseline,7510108,responsive,F0,15,0,0.0,0.0
baseline,7510108,responsive,F0,16,0,0.0,0.0
baseline,7510108,responsive,F0,17,0,0.0,0.0
baseline,7510108,responsive,plus,0,0,0.0,0.0
baseline,7510108,responsive,plus,1,0,0.0,0.0
baseline,7510108,responsive,plus,2,0,0.0,0.0
baseline,7510108,responsive,plus,3,2181,0.10001539799821958,-6.412412816961613e-06
baseline,7510108,responsive,plus,4,0,0.0,0.0
baseline,7510108,responsive,plus,5,2181,0.10006493435365517,6.475058057135431e-05
baseline,7510108,responsive,plus,6,4692,0.19393780600615282,-1.7747400865155663e-05
baseline,7510108,responsive,plus,7,0,0.0,0.0
baseline,7510108,responsive,plus,8,4692,0.1911225383809486,0.00020367066038338866
baseline,7510108,responsive,plus,9,3456,0.1343037624183325,0.0003025300860673079
baseline,7510108,responsive,plus,10,0,0.0,0.0
baseline,7510108,responsive,plus,11,3456,0.13037372710447093,0.0009062356774064325
baseline,7510108,responsive,plus,12,870,0.02409079602145942,3.096034830499659e-05
baseline,7510108,responsive,plus,13,0,0.0,0.0
baseline,7510108,responsive,plus,14,870,0.026956966371553044,0.00017832577393635417
baseline,7510108,responsive,plus,15,0,0.0,0.0
baseline,7510108,responsive,plus,16,0,0.0,0.0
baseline,7510108,responsive,plus,17,0,0.0,0.0
baseline,7510108,responsive,minus,0,0,0.0,0.0
baseline,7510108,responsive,minus,1,0,0.0,0.0
baseline,7510108,responsive,minus,2,0,0.0,0.0
baseline,7510108,responsive,minus,3,2181,0.10006493435365517,-6.786741328041048e-06
baseline,7510108,responsive,minus,4,0,0.0,0.0
baseline,7510108,responsive,minus,5,2181,0.10001539799821958,8.31329820688711e-05
baseline,7510108,responsive,minus,6,4692,0.1911225383809486,1.346247258554168e-05
baseline,7510108,responsive,minus,7,0,0.0,0.0
baseline,7510108,responsive,minus,8,4692,0.19393780600615282,1.8184483675324822e-05
baseline,7510108,responsive,minus,9,3456,0.13037372710447093,0.0001892132043759072
baseline,7510108,responsive,minus,10,0,0.0,0.0
baseline,7510108,responsive,minus,11,3456,0.1343037624183325,0.0009361375928310054
baseline,7510108,responsive,minus,12,870,0.026956966371553044,3.296611943576971e-05
baseline,7510108,responsive,minus,13,0,0.0,0.0
baseline,7510108,responsive,minus,14,870,0.02409079602145942,0.00013634717827365052
baseline,7510108,responsive,minus,15,0,0.0,0.0
baseline,7510108,responsive,minus,16,0,0.0,0.0
baseline,7510108,responsive,minus,17,0,0.0,0.0
refined,7510101,responsive,F0,0,0,0.0,0.0
refined,7510101,responsive,F0,1,0,0.0,0.0
refined,7510101,responsive,F0,2,0,0.0,0.0
refined,7510101,responsive,F0,3,2013,0.0932884228418806,1.5486771623028738e-05
refined,7510101,responsive,F0,4,0,0.0,0.0
refined,7510101,responsive,F0,5,2013,0.0932884228418806,5.2280004565041834e-05
refined,7510101,responsive,F0,6,4767,0.19559382331148642,7.0814863757585766e-06
refined,7510101,responsive,F0,7,0,0.0,0.0
refined,7510101,responsive,F0,8,4767,0.19559382331148642,-4.1747647484387346e-05
refined,7510101,responsive,F0,9,3537,0.13462847533493616,0.0004083996843821099
refined,7510101,responsive,F0,10,0,0.0,0.0
refined,7510101,responsive,F0,11,3537,0.13462847533493616,0.0009124543988495357
refined,7510101,responsive,F0,12,870,0.026360091886226917,3.251116251130765e-05
refined,7510101,responsive,F0,13,0,0.0,0.0
refined,7510101,responsive,F0,14,870,0.026360091886226917,0.00011180070479430067
refined,7510101,responsive,F0,15,0,0.0,0.0
refined,7510101,responsive,F0,16,0,0.0,0.0
refined,7510101,responsive,F0,17,0,0.0,0.0
refined,7510101,responsive,plus,0,0,0.0,0.0
refined,7510101,responsive,plus,1,0,0.0,0.0
refined,7510101,responsive,plus,2,0,0.0,0.0
refined,7510101,responsive,plus,3,2013,0.0932021629070787,-3.734505083973651e-06
refined,7510101,responsive,plus,4,0,0.0,0.0
refined,7510101,responsive,plus,5,2013,0.09337468277668276,2.741461723713314e-05
refined,7510101,responsive,plus,6,4767,0.19728715754334072,-4.568268073258997e-05
refined,7510101,responsive,plus,7,0,0.0,0.0
refined,7510101,responsive,plus,8,4767,0.19390048907963325,0.00013340323923811566
refined,7510101,responsive,plus,9,3537,0.13641919068570596,0.00034081594178451003
refined,7510101,responsive,plus,10,0,0.0,0.0
refined,7510101,responsive,plus,11,3537,0.13283775998416647,0.000800778838418738
refined,7510101,responsive,plus,12,870,0.02500986363988424,1.1923714766009818e-05
refined,7510101,responsive,plus,13,0,0.0,0.0
refined,7510101,responsive,plus,14,870,0.02771032013256957,8.387455340086427e-05
refined,7510101,responsive,plus,15,0,0.0,0.0
refined,7510101,responsive,plus,16,0,0.0,0.0
refined,7510101,responsive,plus,17,0,0.0,0.0
refined,7510101,responsive,minus,0,0,0.0,0.0
refined,7510101,responsive,minus,1,0,0.0,0.0
refined,7510101,responsive,minus,2,0,0.0,0.0
refined,7510101,responsive,minus,3,2013,0.09337468277668276,1.0113755332316324e-05
refined,7510101,responsive,minus,4,0,0.0,0.0
refined,7510101,responsive,minus,5,2013,0.0932021629070787,4.8162651014417976e-05
refined,7510101,responsive,minus,6,4767,0.19390048907963325,-1.601354372496617e-05
refined,7510101,responsive,minus,7,0,0.0,0.0
refined,7510101,responsive,minus,8,4767,0.19728715754334072,7.367113738521426e-06
refined,7510101,responsive,minus,9,3537,0.13283775998416647,0.0003769303343612752
refined,7510101,responsive,minus,10,0,0.0,0.0
refined,7510101,responsive,minus,11,3537,0.13641919068570596,0.0006960673902307927
refined,7510101,responsive,minus,12,870,0.02771032013256957,2.091817524685304e-05
refined,7510101,responsive,minus,13,0,0.0,0.0
refined,7510101,responsive,minus,14,870,0.02500986363988424,8.17937284368725e-05
refined,7510101,responsive,minus,15,0,0.0,0.0
refined,7510101,responsive,minus,16,0,0.0,0.0
refined,7510101,responsive,minus,17,0,0.0,0.0
refined,7510102,responsive,F0,0,0,0.0,0.0
refined,7510102,responsive,F0,1,0,0.0,0.0
refined,7510102,responsive,F0,2,0,0.0,0.0
refined,7510102,responsive,F0,3,2216,0.09555584658615901,-3.451238633381761e-06
refined,7510102,responsive,F0,4,0,0.0,0.0
refined,7510102,responsive,F0,5,2216,0.09555584658615901,-2.154554973647518e-05
refined,7510102,responsive,F0,6,4698,0.1965080133371662,3.437028852080455e-05
refined,7510102,responsive,F0,7,0,0.0,0.0
refined,7510102,responsive,F0,8,4698,0.1965080133371662,0.000172394373316013
refined,7510102,responsive,F0,9,3450,0.1318960824926866,0.00036984325222228664
refined,7510102,responsive,F0,10,0,0.0,0.0
refined,7510102,responsive,F0,11,3450,0.1318960824926866,0.0005431747304567432
refined,7510102,responsive,F0,12,818,0.024465777513713614,3.415654244309899e-05
refined,7510102,responsive,F0,13,0,0.0,0.0
refined,7510102,responsive,F0,14,818,0.024465777513713614,0.00010350433948753885
refined,7510102,responsive,F0,15,0,0.0,0.0
refined,7510102,responsive,F0,16,0,0.0,0.0
refined,7510102,responsive,F0,17,0,0.0,0.0
refined,7510102,responsive,plus,0,0,0.0,0.0
refined,7510102,responsive,plus,1,0,0.0,0.0
refined,7510102,responsive,plus,2,0,0.0,0.0
refined,7510102,responsive,plus,3,2216,0.09553142879268788,-3.5749748049166774e-06
refined,7510102,responsive,plus,4,0,0.0,0.0
refined,7510102,responsive,plus,5,2216,0.09558026437963034,-1.813008496109148e-05
refined,7510102,responsive,plus,6,4698,0.19784849291012815,3.0083641336263694e-05
refined,7510102,responsive,plus,7,0,0.0,0.0
refined,7510102,responsive,plus,8,4698,0.19516753376420373,0.00022418376960636676
refined,7510102,responsive,plus,9,3450,0.13353198115294404,0.0004251309058740088
refined,7510102,responsive,plus,10,0,0.0,0.0
refined,7510102,responsive,plus,11,3450,0.13026018383242866,0.0007107438850192957
refined,7510102,responsive,plus,12,818,0.023447992424090465,4.291741089507955e-05
refined,7510102,responsive,plus,13,0,0.0,0.0
refined,7510102,responsive,plus,14,818,0.025483562603336785,0.00014181615238343582
refined,7510102,responsive,plus,15,0,0.0,0.0
refined,7510102,responsive,plus,16,0,0.0,0.0
refined,7510102,responsive,plus,17,0,0.0,0.0
refined,7510102,responsive,minus,0,0,0.0,0.0
refined,7510102,responsive,minus,1,0,0.0,0.0
refined,7510102,responsive,minus,2,0,0.0,0.0
refined,7510102,responsive,minus,3,2216,0.09558026437963034,7.270302732320668e-06
refined,7510102,responsive,minus,4,0,0.0,0.0
refined,7510102,responsive,minus,5,2216,0.09553142879268788,-6.358040476591249e-07
refined,7510102,responsive,minus,6,4698,0.19516753376420373,9.548601104963588e-05
refined,7510102,responsive,minus,7,0,0.0,0.0
refined,7510102,responsive,minus,8,4698,0.19784849291012815,0.00017998543231356452
refined,7510102,responsive,minus,9,3450,0.13026018383242866,0.0004231831649896531
refined,7510102,responsive,minus,10,0,0.0,0.0
refined,7510102,responsive,minus,11,3450,0.13353198115294404,0.0005198352718910941
refined,7510102,responsive,minus,12,818,0.025483562603336785,3.4099370444019596e-05
refined,7510102,responsive,minus,13,0,0.0,0.0
refined,7510102,responsive,minus,14,818,0.023447992424090465,0.00016204222357912442
refined,7510102,responsive,minus,15,0,0.0,0.0
refined,7510102,responsive,minus,16,0,0.0,0.0
refined,7510102,responsive,minus,17,0,0.0,0.0
refined,7510103,responsive,F0,0,0,0.0,0.0
refined,7510103,responsive,F0,1,0,0.0,0.0
refined,7510103,responsive,F0,2,0,0.0,0.0
refined,7510103,responsive,F0,3,2169,0.09473025732843995,2.569123412248987e-07
refined,7510103,responsive,F0,4,0,0.0,0.0
refined,7510103,responsive,F0,5,2169,0.09473025732843995,5.16376026067337e-05
refined,7510103,responsive,F0,6,4737,0.19671506865632146,1.6385022211271508e-05
refined,7510103,responsive,F0,7,0,0.0,0.0
refined,7510103,responsive,F0,8,4737,0.19671506865632146,0.0001462671005617696
refined,7510103,responsive,F0,9,3462,0.13344246418860292,0.0004325927075780066
refined,7510103,responsive,F0,10,0,0.0,0.0
refined,7510103,responsive,F0,11,3462,0.13344246418860292,0.000743086136708353
refined,7510103,responsive,F0,12,854,0.024041944485253607,4.620544706803349e-05
refined,7510103,responsive,F0,13,0,0.0,0.0
refined,7510103,responsive,F0,14,854,0.024041944485253607,9.943953612658241e-05
refined,7510103,responsive,F0,15,0,0.0,0.0
refined,7510103,responsive,F0,16,0,0.0,0.0
refined,7510103,responsive,F0,17,0,0.0,0.0
refined,7510103,responsive,plus,0,0,0.0,0.0
refined,7510103,responsive,plus,1,0,0.0,0.0
refined,7510103,responsive,plus,2,0,0.0,0.0
refined,7510103,responsive,plus,3,2169,0.0947213600090014,-2.4372141028419923e-05
refined,7510103,responsive,plus,4,0,0.0,0.0
refined,7510103,responsive,plus,5,2169,0.09473915464787806,6.548462447329276e-05
refined,7510103,responsive,plus,6,4737,0.19803111828661507,1.1439800166468881e-05
refined,7510103,responsive,plus,7,0,0.0,0.0
refined,7510103,responsive,plus,8,4737,0.1953990190260275,0.00010230886207432985
refined,7510103,responsive,plus,9,3462,0.13525858680505856,0.0005145811397670004
refined,7510103,responsive,plus,10,0,0.0,0.0
refined,7510103,responsive,plus,11,3462,0.1316263415721464,0.0008220389815816476
refined,7510103,responsive,plus,12,854,0.02252416159069245,2.5205836532845134e-05
refined,7510103,responsive,plus,13,0,0.0,0.0
refined,7510103,responsive,plus,14,854,0.025559727379814823,0.0001091088206780075
refined,7510103,responsive,plus,15,0,0.0,0.0
refined,7510103,responsive,plus,16,0,0.0,0.0
refined,7510103,responsive,plus,17,0,0.0,0.0
refined,7510103,responsive,minus,0,0,0.0,0.0
refined,7510103,responsive,minus,1,0,0.0,0.0
refined,7510103,responsive,minus,2,0,0.0,0.0
refined,7510103,responsive,minus,3,2169,0.09473915464787806,-1.6345412707146524e-05
refined,7510103,responsive,minus,4,0,0.0,0.0
refined,7510103,responsive,minus,5,2169,0.0947213600090014,-7.46508994624719e-06
refined,7510103,responsive,minus,6,4737,0.1953990190260275,8.160399347787135e-06
refined,7510103,responsive,minus,7,0,0.0,0.0
refined,7510103,responsive,minus,8,4737,0.19803111828661507,6.382169182784294e-05
refined,7510103,responsive,minus,9,3462,0.1316263415721464,0.0004016801813971695
refined,7510103,responsive,minus,10,0,0.0,0.0
refined,7510103,responsive,minus,11,3462,0.13525858680505856,0.0005685958463649148
refined,7510103,responsive,minus,12,854,0.025559727379814823,4.927773927720627e-05
refined,7510103,responsive,minus,13,0,0.0,0.0
refined,7510103,responsive,minus,14,854,0.02252416159069245,7.24630403572852e-05
refined,7510103,responsive,minus,15,0,0.0,0.0
refined,7510103,responsive,minus,16,0,0.0,0.0
refined,7510103,responsive,minus,17,0,0.0,0.0
refined,7510104,responsive,F0,0,0,0.0,0.0
refined,7510104,responsive,F0,1,0,0.0,0.0
refined,7510104,responsive,F0,2,0,0.0,0.0
refined,7510104,responsive,F0,3,2004,0.09361668662878035,-8.877184565368973e-07
refined,7510104,responsive,F0,4,0,0.0,0.0
refined,7510104,responsive,F0,5,2004,0.09361668662878035,5.28303833808249e-05
refined,7510104,responsive,F0,6,4796,0.19569884739036822,-2.1966735421795394e-05
refined,7510104,responsive,F0,7,0,0.0,0.0
refined,7510104,responsive,F0,8,4796,0.19569884739036822,-0.00016738248978132194
refined,7510104,responsive,F0,9,3505,0.13427923163703115,0.00032627165911447003
refined,7510104,responsive,F0,10,0,0.0,0.0
refined,7510104,responsive,F0,11,3505,0.13427923163703115,0.0009785291389270234
refined,7510104,responsive,F0,12,944,0.026155604494518165,2.186282931226712e-05
refined,7510104,responsive,F0,13,0,0.0,0.0
refined,7510104,responsive,F0,14,944,0.026155604494518165,0.00011380492611075575
refined,7510104,responsive,F0,15,0,0.0,0.0
refined,7510104,responsive,F0,16,0,0.0,0.0
refined,7510104,responsive,F0,17,0,0.0,0.0
refined,7510104,responsive,plus,0,0,0.0,0.0
refined,7510104,responsive,plus,1,0,0.0,0.0
refined,7510104,responsive,plus,2,0,0.0,0.0
refined,7510104,responsive,plus,3,2004,0.0935767772930082,1.4952323192085997e-05
refined,7510104,responsive,plus,4,0,0.0,0.0
refined,7510104,responsive,plus,5,2004,0.09365659596455209,-6.684679546940156e-06
refined,7510104,responsive,plus,6,4796,0.19727265620781553,-3.40082771052224e-05
refined,7510104,responsive,plus,7,0,0.0,0.0
refined,7510104,responsive,plus,8,4796,0.19412503857292054,-0.00019305748243926888
refined,7510104,responsive,plus,9,3505,0.13597922754382227,0.0003491866996962161
refined,7510104,responsive,plus,10,0,0.0,0.0
refined,7510104,responsive,plus,11,3505,0.1325792357302399,0.0008294964161934794
refined,7510104,responsive,plus,12,944,0.024431656987641333,1.7693174482655143e-05
refined,7510104,responsive,plus,13,0,0.0,0.0
refined,7510104,responsive,plus,14,944,0.02787955200139494,0.00010664759288685922
refined,7510104,responsive,plus,15,0,0.0,0.0
refined,7510104,responsive,plus,16,0,0.0,0.0
refined,7510104,responsive,plus,17,0,0.0,0.0
refined,7510104,responsive,minus,0,0,0.0,0.0
refined,7510104,responsive,minus,1,0,0.0,0.0
refined,7510104,responsive,minus,2,0,0.0,0.0
refined,7510104,responsive,minus,3,2004,0.09365659596455209,7.30326090557789e-06
refined,7510104,responsive,minus,4,0,0.0,0.0
refined,7510104,responsive,minus,5,2004,0.0935767772930082,3.551070822058862e-05
refined,7510104,responsive,minus,6,4796,0.19412503857292054,-4.5192553921895985e-05
refined,7510104,responsive,minus,7,0,0.0,0.0
refined,7510104,responsive,minus,8,4796,0.19727265620781553,-0.0001657978377340052
refined,7510104,responsive,minus,9,3505,0.1325792357302399,0.000338015160839299
refined,7510104,responsive,minus,10,0,0.0,0.0
refined,7510104,responsive,minus,11,3505,0.13597922754382227,0.000816492886465129
refined,7510104,responsive,minus,12,944,0.02787955200139494,8.828708952463512e-06
refined,7510104,responsive,minus,13,0,0.0,0.0
refined,7510104,responsive,minus,14,944,0.024431656987641333,9.636062588867629e-05
refined,7510104,responsive,minus,15,0,0.0,0.0
refined,7510104,responsive,minus,16,0,0.0,0.0
refined,7510104,responsive,minus,17,0,0.0,0.0
