scope,estimator,left_population,right_population,whole_libraries,cell_id,signed_mean_C,nominal_standard_error,nominal_95pct_pointwise_lower,nominal_95pct_pointwise_upper
baseline_eight,fixed_halo,plus,minus,8,0,0.0,0.0,0.0,0.0
baseline_eight,fixed_halo,plus,minus,8,1,0.0,0.0,0.0,0.0
baseline_eight,fixed_halo,plus,minus,8,2,0.0,0.0,0.0,0.0
baseline_eight,fixed_halo,plus,minus,8,3,-1.4754097956867042e-06,2.587784427532336e-06,-7.594547610923817e-06,4.643728019550408e-06
baseline_eight,fixed_halo,plus,minus,8,4,0.0,0.0,0.0,0.0
baseline_eight,fixed_halo,plus,minus,8,5,6.374755987546563e-05,4.0762925854553845e-05,-3.2641443166090916e-05,0.0001601365629170222
baseline_eight,fixed_halo,plus,minus,8,6,-9.844507118541124e-06,9.56449223793833e-06,-3.2460937418541043e-05,1.2771923181458798e-05
baseline_eight,fixed_halo,plus,minus,8,7,0.0,0.0,0.0,0.0
baseline_eight,fixed_halo,plus,minus,8,8,0.00017542922269783766,3.5678363064958915e-05,9.106330013730354e-05,0.0002597951452583718
baseline_eight,fixed_halo,plus,minus,8,9,-4.7771949423863774e-05,1.1355022741108695e-05,-7.462231157487697e-05,-2.092158727285058e-05
baseline_eight,fixed_halo,plus,minus,8,10,0.0,0.0,0.0,0.0
baseline_eight,fixed_halo,plus,minus,8,11,-0.00010649766016864395,9.000725197915757e-05,-0.0003193309910177826,0.00010633567068049469
baseline_eight,fixed_halo,plus,minus,8,12,-4.007222580754603e-06,3.0805156306458014e-06,-1.1291484548390304e-05,3.2770393868810994e-06
baseline_eight,fixed_halo,plus,minus,8,13,0.0,0.0,0.0,0.0
baseline_eight,fixed_halo,plus,minus,8,14,-7.138192602421485e-06,1.0326774135258263e-05,-3.155713316337428e-05,1.728074795853131e-05
baseline_eight,fixed_halo,plus,minus,8,15,0.0,0.0,0.0,0.0
baseline_eight,fixed_halo,plus,minus,8,16,0.0,0.0,0.0,0.0
baseline_eight,fixed_halo,plus,minus,8,17,0.0,0.0,0.0,0.0
baseline_eight,responsive,plus,minus,8,0,0.0,0.0,0.0,0.0
baseline_eight,responsive,plus,minus,8,1,0.0,0.0,0.0,0.0
baseline_eight,responsive,plus,minus,8,2,0.0,0.0,0.0,0.0
baseline_eight,responsive,plus,minus,8,3,4.8710470694568e-05,9.934658917271799e-05,-0.00018620688337626608,0.0002836278247654021
baseline_eight,responsive,plus,minus,8,4,0.0,0.0,0.0,0.0
baseline_eight,responsive,plus,minus,8,5,-3.827112686652249e-05,0.00021629413119445334,-0.0005497254749661182,0.00047318322123307327
baseline_eight,responsive,plus,minus,8,6,0.0002825657416637898,7.07715310803856e-05,0.00011521766294875753,0.0004499138203788221
baseline_eight,responsive,plus,minus,8,7,0.0,0.0,0.0,0.0
baseline_eight,responsive,plus,minus,8,8,0.00033112824118512014,0.0008671635644311221,-0.0017193877533663534,0.0023816442357365935
baseline_eight,responsive,plus,minus,8,9,-0.0003797378448742942,0.00045266436613901405,-0.0014501189828784824,0.000690643293129894
baseline_eight,responsive,plus,minus,8,10,0.0,0.0,0.0,0.0
baseline_eight,responsive,plus,minus,8,11,-0.0004807440328699873,0.0005100868089969367,-0.0016869076718417204,0.0007254196061017458
baseline_eight,responsive,plus,minus,8,12,-5.499388612756854e-05,6.1167211580135e-05,-0.00019963135803226277,8.964358577712568e-05
baseline_eight,responsive,plus,minus,8,13,0.0,0.0,0.0,0.0
baseline_eight,responsive,plus,minus,8,14,-0.0002013332231224857,0.00021694646259580157,-0.000714330089873785,0.00031166364362881355
baseline_eight,responsive,plus,minus,8,15,0.0,0.0,0.0,0.0
baseline_eight,responsive,plus,minus,8,16,0.0,0.0,0.0,0.0
baseline_eight,responsive,plus,minus,8,17,0.0,0.0,0.0,0.0
baseline_eight,responsive_minus_fixed,plus,minus,8,0,0.0,0.0,0.0,0.0
baseline_eight,responsive_minus_fixed,plus,minus,8,1,0.0,0.0,0.0,0.0
baseline_eight,responsive_minus_fixed,plus,minus,8,2,0.0,0.0,0.0,0.0
baseline_eight,responsive_minus_fixed,plus,minus,8,3,5.018588049025471e-05,9.810380155059046e-05,-0.0001817927478297173,0.0002821645088102267
baseline_eight,responsive_minus_fixed,plus,minus,8,4,0.0,0.0,0.0,0.0
baseline_eight,responsive_minus_fixed,plus,minus,8,5,-0.00010201868674198813,0.00020759362639643296,-0.0005928996101950855,0.00038886223671110923
baseline_eight,responsive_minus_fixed,plus,minus,8,6,0.00029241024878233095,6.517484159437627e-05,0.00013829623775455069,0.0004465242598101112
baseline_eight,responsive_minus_fixed,plus,minus,8,7,0.0,0.0,0.0,0.0
baseline_eight,responsive_minus_fixed,plus,minus,8,8,0.0001556990184872826,0.0008548235852949324,-0.0018656375621346078,0.0021770355991091728
baseline_eight,responsive_minus_fixed,plus,minus,8,9,-0.0003319658954504304,0.0004509478341616567,-0.0013982880803123249,0.000734356289411464
baseline_eight,responsive_minus_fixed,plus,minus,8,10,0.0,0.0,0.0,0.0
baseline_eight,responsive_minus_fixed,plus,minus,8,11,-0.0003742463727013433,0.0005323160185732892,-0.001632973739731058,0.0008844809943283714
baseline_eight,responsive_minus_fixed,plus,minus,8,12,-5.0986663546813954e-05,6.227149380559909e-05,-0.0001982353479824434,9.62620208888155e-05
baseline_eight,responsive_minus_fixed,plus,minus,8,13,0.0,0.0,0.0,0.0
baseline_eight,responsive_minus_fixed,plus,minus,8,14,-0.0001941950305200642,0.00022232916417037855,-0.0007199199639536949,0.0003315299029135665
baseline_eight,responsive_minus_fixed,plus,minus,8,15,0.0,0.0,0.0,0.0
baseline_eight,responsive_minus_fixed,plus,minus,8,16,0.0,0.0,0.0,0.0
baseline_eight,responsive_minus_fixed,plus,minus,8,17,0.0,0.0,0.0,0.0
growth_same_four,baseline_same_four,plus,minus,4,0,0.0,0.0,0.0,0.0
growth_same_four,baseline_same_four,plus,minus,4,1,0.0,0.0,0.0,0.0
growth_same_four,baseline_same_four,plus,minus,4,2,0.0,0.0,0.0,0.0
growth_same_four,baseline_same_four,plus,minus,4,3,-5.314511604239746e-05,0.0001265803091209164,-0.0004559801531259977,0.00034968992104120276
growth_same_four,baseline_same_four,plus,minus,4,4,0.0,0.0,0.0,0.0
growth_same_four,baseline_same_four,plus,minus,4,5,-0.00020098516870679887,0.00036398667444530116,-0.0013593532159679534,0.0009573828785543557
growth_same_four,baseline_same_four,plus,minus,4,6,0.00017113080009980032,0.00010913491853296299,-0.00017618521816292675,0.0005184468183625274
growth_same_four,baseline_same_four,plus,minus,4,7,0.0,0.0,0.0,0.0
growth_same_four,baseline_same_four,plus,minus,4,8,-0.0002895848132019459,0.0007845994895601393,-0.0027865305598805297,0.0022073609334766382
growth_same_four,baseline_same_four,plus,minus,4,9,0.00035172890001791484,0.0006685796616036376,-0.0017759899738407844,0.002479447773876614
growth_same_four,baseline_same_four,plus,minus,4,10,0.0,0.0,0.0,0.0
growth_same_four,baseline_same_four,plus,minus,4,11,-0.00019719663267436801,0.0002918416959349392,-0.0011259671596304086,0.0007315738942816726
growth_same_four,baseline_same_four,plus,minus,4,12,-1.3271375702822835e-05,6.658024640315538e-05,-0.00022515943487346051,0.00019861668346781485
growth_same_four,baseline_same_four,plus,minus,4,13,0.0,0.0,0.0,0.0
growth_same_four,baseline_same_four,plus,minus,4,14,4.283146506022977e-05,0.00039896953054157855,-0.0012268676433328136,0.0013125305734532733
growth_same_four,baseline_same_four,plus,minus,4,15,0.0,0.0,0.0,0.0
growth_same_four,baseline_same_four,plus,minus,4,16,0.0,0.0,0.0,0.0
growth_same_four,baseline_same_four,plus,minus,4,17,0.0,0.0,0.0,0.0
growth_same_four,refined_same_four,plus,minus,4,0,0.0,0.0,0.0,0.0
growth_same_four,refined_same_four,plus,minus,4,1,0.0,0.0,0.0,0.0
growth_same_four,refined_same_four,plus,minus,4,2,0.0,0.0,0.0,0.0
growth_same_four,refined_same_four,plus,minus,4,3,0.00010541142779924945,8.053744633276727e-05,-0.00015089467071949535,0.00036171752631799424
growth_same_four,refined_same_four,plus,minus,4,4,0.0,0.0,0.0,0.0
growth_same_four,refined_same_four,plus,minus,4,5,3.148311149605293e-05,0.00042945101777502567,-0.0013352216933226438,0.0013981879163147497
growth_same_four,refined_same_four,plus,minus,4,6,0.0003389141725974966,0.00029407998922162723,-0.0005969796025589067,0.0012748079477539
growth_same_four,refined_same_four,plus,minus,4,7,0.0,0.0,0.0,0.0
growth_same_four,refined_same_four,plus,minus,4,8,-0.0007629536774727609,0.000528067664929707,-0.0024435006666683953,0.0009175933117228734
growth_same_four,refined_same_four,plus,minus,4,9,-0.0003780075161008973,0.0005353349262104721,-0.0020816821741090376,0.0013256671419072431
growth_same_four,refined_same_four,plus,minus,4,10,0.0,0.0,0.0,0.0
growth_same_four,refined_same_four,plus,minus,4,11,-0.0023631994762322965,0.0008797098756593345,-0.005162828919746424,0.0004364299672818309
growth_same_four,refined_same_four,plus,minus,4,12,6.468115204607389e-05,0.00013362296863062549,-0.00036056677077357516,0.000489929074865723
growth_same_four,refined_same_four,plus,minus,4,13,0.0,0.0,0.0,0.0
growth_same_four,refined_same_four,plus,minus,4,14,-0.00012103653234172982,0.0001975049888378394,-0.0007495855543439213,0.0005075124896604618
growth_same_four,refined_same_four,plus,minus,4,15,0.0,0.0,0.0,0.0
growth_same_four,refined_same_four,plus,minus,4,16,0.0,0.0,0.0,0.0
growth_same_four,refined_same_four,plus,minus,4,17,0.0,0.0,0.0,0.0
growth_same_four,paired_refined_minus_baseline,plus,minus,4,0,0.0,0.0,0.0,0.0
growth_same_four,paired_refined_minus_baseline,plus,minus,4,1,0.0,0.0,0.0,0.0
growth_same_four,paired_refined_minus_baseline,plus,minus,4,2,0.0,0.0,0.0,0.0
growth_same_four,paired_refined_minus_baseline,plus,minus,4,3,0.00015855654384164692,6.690233217842298e-05,-5.435653601447576e-05,0.00037146962369776957
growth_same_four,paired_refined_minus_baseline,plus,minus,4,4,0.0,0.0,0.0,0.0
growth_same_four,paired_refined_minus_baseline,plus,minus,4,5,0.0002324682802028518,0.00017496461416039648,-0.00032434720968738855,0.0007892837700930922
growth_same_four,paired_refined_minus_baseline,plus,minus,4,6,0.00016778337249769633,0.00022002343779384454,-0.000532429404185266,0.0008679961491806587
growth_same_four,paired_refined_minus_baseline,plus,minus,4,7,0.0,0.0,0.0,0.0
growth_same_four,paired_refined_minus_baseline,plus,minus,4,8,-0.00047336886427081496,0.000477179320082315,-0.001991966428424835,0.001045228699883205
growth_same_four,paired_refined_minus_baseline,plus,minus,4,9,-0.0007297364161188121,0.00037841072843035236,-0.0019340082406919135,0.0004745354084542894
growth_same_four,paired_refined_minus_baseline,plus,minus,4,10,0.0,0.0,0.0,0.0
growth_same_four,paired_refined_minus_baseline,plus,minus,4,11,-0.0021660028435579277,0.0006668865353588207,-0.00428833343405443,-4.367225306142579e-05
growth_same_four,paired_refined_minus_baseline,plus,minus,4,12,7.79525277488967e-05,0.0001897258354768859,-0.0005258397563814888,0.0006817448118792822
growth_same_four,paired_refined_minus_baseline,plus,minus,4,13,0.0,0.0,0.0,0.0
growth_same_four,paired_refined_minus_baseline,plus,minus,4,14,-0.00016386799740195958,0.00021905038601929299,-0.0008609840890601501,0.0005332480942562309
growth_same_four,paired_refined_minus_baseline,plus,minus,4,15,0.0,0.0,0.0,0.0
growth_same_four,paired_refined_minus_baseline,plus,minus,4,16,0.0,0.0,0.0,0.0
growth_same_four,paired_refined_minus_baseline,plus,minus,4,17,0.0,0.0,0.0,0.0
baseline_eight,fixed_halo,plus,F0,8,0,0.0,0.0,0.0,0.0
baseline_eight,fixed_halo,plus,F0,8,1,0.0,0.0,0.0,0.0
baseline_eight,fixed_halo,plus,F0,8,2,0.0,0.0,0.0,0.0
baseline_eight,fixed_halo,plus,F0,8,3,-6.284420902374411e-07,1.311806073684402e-06,-3.730370545458289e-06,2.473486364983407e-06
baseline_eight,fixed_halo,plus,F0,8,4,0.0,0.0,0.0,0.0
baseline_eight,fixed_halo,plus,F0,8,5,2.2069245986021986e-05,1.5744591775412724e-05,-1.5160797557547238e-05,5.929928952959121e-05
baseline_eight,fixed_halo,plus,F0,8,6,-5.399420758251122e-06,4.655475212934804e-06,-1.640787034944584e-05,5.609028832943598e-06
baseline_eight,fixed_halo,plus,F0,8,7,0.0,0.0,0.0,0.0
baseline_eight,fixed_halo,plus,F0,8,8,0.00010361705877283001,1.6483217818338166e-05,6.464044217530127e-05,0.00014259367537035875
baseline_eight,fixed_halo,plus,F0,8,9,-2.39258343451416e-05,6.094299072795336e-06,-3.8336561729132874e-05,-9.515106961150328e-06
baseline_eight,fixed_halo,plus,F0,8,10,0.0,0.0,0.0,0.0
baseline_eight,fixed_halo,plus,F0,8,11,-6.776343670913283e-05,7.08422884948024e-05,-0.00023527883012227507,9.975195670400943e-05
baseline_eight,fixed_halo,plus,F0,8,12,-1.972120722956603e-06,1.5541801335497088e-06,-5.647172758091958e-06,1.702931312178751e-06
baseline_eight,fixed_halo,plus,F0,8,13,0.0,0.0,0.0,0.0
baseline_eight,fixed_halo,plus,F0,8,14,-3.517124329003089e-06,5.2358418800859715e-06,-1.5897923016159537e-05,8.863674358153359e-06
baseline_eight,fixed_halo,plus,F0,8,15,0.0,0.0,0.0,0.0
baseline_eight,fixed_halo,plus,F0,8,16,0.0,0.0,0.0,0.0
baseline_eight,fixed_halo,plus,F0,8,17,0.0,0.0,0.0,0.0
baseline_eight,responsive,plus,F0,8,0,0.0,0.0,0.0,0.0
baseline_eight,responsive,plus,F0,8,1,0.0,0.0,0.0,0.0
baseline_eight,responsive,plus,F0,8,2,0.0,0.0,0.0,0.0
baseline_eight,responsive,plus,F0,8,3,6.10769553628919e-05,7.77256838679783e-05,-0.00012271508168296364,0.00024486899240874744
baseline_eight,responsive,plus,F0,8,4,0.0,0.0,0.0,0.0
baseline_eight,responsive,plus,F0,8,5,0.00016376437152318822,0.00010795504390922884,-9.150874338633821e-05,0.00041903748643271467
baseline_eight,responsive,plus,F0,8,6,0.0005062611023961507,0.00019884957990371963,3.6056563336778126e-05,0.0009764656414555234
baseline_eight,responsive,plus,F0,8,7,0.0,0.0,0.0,0.0
baseline_eight,responsive,plus,F0,8,8,-0.0010636829718805917,0.0005897438632344751,-0.0024582056131128498,0.0003308396693516664
baseline_eight,responsive,plus,F0,8,9,0.00012328464681409944,0.0003955286582869586,-0.0008119920107711983,0.0010585613043993971
baseline_eight,responsive,plus,F0,8,10,0.0,0.0,0.0,0.0
baseline_eight,responsive,plus,F0,8,11,-0.0009170635344516366,0.0009560725124364701,-0.003177815783640158,0.0013436887147368847
baseline_eight,responsive,plus,F0,8,12,-5.70520779488894e-05,8.917931774853145e-05,-0.00026792765543756566,0.00015382349953978688
baseline_eight,responsive,plus,F0,8,13,0.0,0.0,0.0,0.0
baseline_eight,responsive,plus,F0,8,14,-0.0002621376566105169,0.0002056781390095277,-0.000748489172134918,0.0002242138589138842
baseline_eight,responsive,plus,F0,8,15,0.0,0.0,0.0,0.0
baseline_eight,responsive,plus,F0,8,16,0.0,0.0,0.0,0.0
baseline_eight,responsive,plus,F0,8,17,0.0,0.0,0.0,0.0
baseline_eight,responsive_minus_fixed,plus,F0,8,0,0.0,0.0,0.0,0.0
baseline_eight,responsive_minus_fixed,plus,F0,8,1,0.0,0.0,0.0,0.0
baseline_eight,responsive_minus_fixed,plus,F0,8,2,0.0,0.0,0.0,0.0
baseline_eight,responsive_minus_fixed,plus,F0,8,3,6.170539745312933e-05,7.696747777335832e-05,-0.00012029376707368235,0.000243704561979941
baseline_eight,responsive_minus_fixed,plus,F0,8,4,0.0,0.0,0.0,0.0
baseline_eight,responsive_minus_fixed,plus,F0,8,5,0.00014169512553716622,0.00011820743580272828,-0.00013782104388056226,0.0004212112949548947
baseline_eight,responsive_minus_fixed,plus,F0,8,6,0.000511660523154402,0.0001969070557061665,4.60493239218693e-05,0.0009772717223869346
baseline_eight,responsive_minus_fixed,plus,F0,8,7,0.0,0.0,0.0,0.0
baseline_eight,responsive_minus_fixed,plus,F0,8,8,-0.0011673000306534219,0.0005782031035912485,-0.0025345331117515033,0.0001999330504446593
baseline_eight,responsive_minus_fixed,plus,F0,8,9,0.00014721048115924103,0.00039324265845170676,-0.000782660645776483,0.0010770816080949651
baseline_eight,responsive_minus_fixed,plus,F0,8,10,0.0,0.0,0.0,0.0
baseline_eight,responsive_minus_fixed,plus,F0,8,11,-0.0008493000977425038,0.0009253256693679436,-0.0030373476161512695,0.0013387474206662622
baseline_eight,responsive_minus_fixed,plus,F0,8,12,-5.5079957225932795e-05,8.902335753481232e-05,-0.00026558674741096526,0.00015542683295909966
baseline_eight,responsive_minus_fixed,plus,F0,8,13,0.0,0.0,0.0,0.0
baseline_eight,responsive_minus_fixed,plus,F0,8,14,-0.0002586205322815138,0.00020870738383138484,-0.0007521350735756902,0.0002348940090126626
baseline_eight,responsive_minus_fixed,plus,F0,8,15,0.0,0.0,0.0,0.0
baseline_eight,responsive_minus_fixed,plus,F0,8,16,0.0,0.0,0.0,0.0
baseline_eight,responsive_minus_fixed,plus,F0,8,17,0.0,0.0,0.0,0.0
growth_same_four,baseline_same_four,plus,F0,4,0,0.0,0.0,0.0,0.0
growth_same_four,baseline_same_four,plus,F0,4,1,0.0,0.0,0.0,0.0
growth_same_four,baseline_same_four,plus,F0,4,2,0.0,0.0,0.0,0.0
growth_same_four,baseline_same_four,plus,F0,4,3,6.882937536485057e-07,8.41086553668886e-05,-0.0002669829857611335,0.0002683595732684305
growth_same_four,baseline_same_four,plus,F0,4,4,0.0,0.0,0.0,0.0
growth_same_four,baseline_same_four,plus,F0,4,5,0.0002872314118213245,0.00017966823655644708,-0.00028455310378467947,0.0008590159274273284
growth_same_four,baseline_same_four,plus,F0,4,6,0.0008388087003532925,0.0002744729543066844,-3.468673898047157e-05,0.0017123041396870566
growth_same_four,baseline_same_four,plus,F0,4,7,0.0,0.0,0.0,0.0
growth_same_four,baseline_same_four,plus,F0,4,8,-0.0014131654557204552,0.0011327106790314935,-0.00501795637116026,0.0021916254597193494
growth_same_four,baseline_same_four,plus,F0,4,9,0.00022469460460495388,0.0005256565852710366,-0.0014481792530391987,0.0018975684622491065
growth_same_four,baseline_same_four,plus,F0,4,10,0.0,0.0,0.0,0.0
growth_same_four,baseline_same_four,plus,F0,4,11,-0.0005568409857344902,0.001046353623427581,-0.003886805208632396,0.0027731232371634154
growth_same_four,baseline_same_four,plus,F0,4,12,2.5705175202057993e-05,8.571941793591286e-05,-0.00024709226969920543,0.0002985026201033214
growth_same_four,baseline_same_four,plus,F0,4,13,0.0,0.0,0.0,0.0
growth_same_four,baseline_same_four,plus,F0,4,14,0.0001492175933581849,0.00020166325351884043,-0.0004925648827144523,0.0007910000694308222
growth_same_four,baseline_same_four,plus,F0,4,15,0.0,0.0,0.0,0.0
growth_same_four,baseline_same_four,plus,F0,4,16,0.0,0.0,0.0,0.0
growth_same_four,baseline_same_four,plus,F0,4,17,0.0,0.0,0.0,0.0
growth_same_four,refined_same_four,plus,F0,4,0,0.0,0.0,0.0,0.0
growth_same_four,refined_same_four,plus,F0,4,1,0.0,0.0,0.0,0.0
growth_same_four,refined_same_four,plus,F0,4,2,0.0,0.0,0.0,0.0
growth_same_four,refined_same_four,plus,F0,4,3,0.00011828900216214589,0.00015574294115346376,-0.00037735454548579926,0.0006139325498100911
growth_same_four,refined_same_four,plus,F0,4,4,0.0,0.0,0.0,0.0
growth_same_four,refined_same_four,plus,F0,4,5,0.0002821962750095781,0.0002762414203443967,-0.0005969272125319242,0.0011613197625510805
growth_same_four,refined_same_four,plus,F0,4,6,0.00031128966976013095,0.00019428746728112446,-0.00030701976265172065,0.0009295991021719826
growth_same_four,refined_same_four,plus,F0,4,7,0.0,0.0,0.0,0.0
growth_same_four,refined_same_four,plus,F0,4,8,-0.0006613946800474286,0.0008375982515492019,-0.0033270061410027446,0.0020042167809078875
growth_same_four,refined_same_four,plus,F0,4,9,-0.0003893660854217574,0.000547712553528044,-0.00213243187775489,0.0013536997069113752
growth_same_four,refined_same_four,plus,F0,4,10,0.0,0.0,0.0,0.0
growth_same_four,refined_same_four,plus,F0,4,11,5.964597566531567e-05,0.0012747727459993317,-0.0039972498399173315,0.004116541791247963
growth_same_four,refined_same_four,plus,F0,4,12,0.00015554836576147187,0.00012057336027814995,-0.00022816987917143473,0.0005392666106943785
growth_same_four,refined_same_four,plus,F0,4,13,0.0,0.0,0.0,0.0
growth_same_four,refined_same_four,plus,F0,4,14,-5.4227781970340864e-05,0.0002353909404719688,-0.000803346810772746,0.0006948912468320641
growth_same_four,refined_same_four,plus,F0,4,15,0.0,0.0,0.0,0.0
growth_same_four,refined_same_four,plus,F0,4,16,0.0,0.0,0.0,0.0
growth_same_four,refined_same_four,plus,F0,4,17,0.0,0.0,0.0,0.0
growth_same_four,paired_refined_minus_baseline,plus,F0,4,0,0.0,0.0,0.0,0.0
growth_same_four,paired_refined_minus_baseline,plus,F0,4,1,0.0,0.0,0.0,0.0
growth_same_four,paired_refined_minus_baseline,plus,F0,4,2,0.0,0.0,0.0,0.0
growth_same_four,paired_refined_minus_baseline,plus,F0,4,3,0.00011760070840849738,0.00011279885273888544,-0.00024137558373067225,0.000476577000547667
growth_same_four,paired_refined_minus_baseline,plus,F0,4,4,0.0,0.0,0.0,0.0
growth_same_four,paired_refined_minus_baseline,plus,F0,4,5,-5.035136811746307e-06,0.00026655459030194015,-0.0008533308078747161,0.0008432605342512235
growth_same_four,paired_refined_minus_baseline,plus,F0,4,6,-0.0005275190305931615,0.00021023369722694308,-0.0011965764835792968,0.00014153842239297387
growth_same_four,paired_refined_minus_baseline,plus,F0,4,7,0.0,0.0,0.0,0.0
growth_same_four,paired_refined_minus_baseline,plus,F0,4,8,0.0007517707756730266,0.0006399301091975928,-0.0012847724359830077,0.002788313987329061
growth_same_four,paired_refined_minus_baseline,plus,F0,4,9,-0.0006140606900267112,0.0004984429428570465,-0.002200328591917134,0.0009722072118637116
growth_same_four,paired_refined_minus_baseline,plus,F0,4,10,0.0,0.0,0.0,0.0
growth_same_four,paired_refined_minus_baseline,plus,F0,4,11,0.0006164869613998059,0.0007863735772857483,-0.0018861047242063923,0.0031190786470060043
growth_same_four,paired_refined_minus_baseline,plus,F0,4,12,0.00012984319055941388,0.0001131549799663047,-0.00023026645735886727,0.000489952838477695
growth_same_four,paired_refined_minus_baseline,plus,F0,4,13,0.0,0.0,0.0,0.0
growth_same_four,paired_refined_minus_baseline,plus,F0,4,14,-0.00020344537532852581,0.00033470043227372376,-0.0012686115293950838,0.000861720778738032
growth_same_four,paired_refined_minus_baseline,plus,F0,4,15,0.0,0.0,0.0,0.0
growth_same_four,paired_refined_minus_baseline,plus,F0,4,16,0.0,0.0,0.0,0.0
growth_same_four,paired_refined_minus_baseline,plus,F0,4,17,0.0,0.0,0.0,0.0
baseline_eight,fixed_halo,minus,F0,8,0,0.0,0.0,0.0,0.0
baseline_eight,fixed_halo,minus,F0,8,1,0.0,0.0,0.0,0.0
baseline_eight,fixed_halo,minus,F0,8,2,0.0,0.0,0.0,0.0
baseline_eight,fixed_halo,minus,F0,8,3,8.469677054492628e-07,1.2802598835985072e-06,-2.1803658636491227e-06,3.874301274547648e-06
baseline_eight,fixed_halo,minus,F0,8,4,0.0,0.0,0.0,0.0
baseline_eight,fixed_halo,minus,F0,8,5,-4.167831388944364e-05,3.063803791155468e-05,-0.00011412576135632499,3.07691335774377e-05
baseline_eight,fixed_halo,minus,F0,8,6,4.445086360290002e-06,4.9537240091392385e-06,-7.2686095674180775e-06,1.6158782287998083e-05
baseline_eight,fixed_halo,minus,F0,8,7,0.0,0.0,0.0,0.0
baseline_eight,fixed_halo,minus,F0,8,8,-7.181216392500767e-05,3.71831148414371e-05,-0.00015973625902882942,1.6111931178814092e-05
baseline_eight,fixed_halo,minus,F0,8,9,2.3846115078722178e-05,5.310768314264823e-06,1.1288143528221048e-05,3.640408662922331e-05
baseline_eight,fixed_halo,minus,F0,8,10,0.0,0.0,0.0,0.0
baseline_eight,fixed_halo,minus,F0,8,11,3.873422345951115e-05,3.917615839941663e-05,-5.390267077598978e-05,0.00013137111769501207
baseline_eight,fixed_halo,minus,F0,8,12,2.0351018577979996e-06,1.5276673850182366e-06,-1.5772574891834542e-06,5.647461204779453e-06
baseline_eight,fixed_halo,minus,F0,8,13,0.0,0.0,0.0,0.0
baseline_eight,fixed_halo,minus,F0,8,14,3.6210682734183953e-06,5.095221589005697e-06,-8.4272162631836e-06,1.566935281002039e-05
baseline_eight,fixed_halo,minus,F0,8,15,0.0,0.0,0.0,0.0
baseline_eight,fixed_halo,minus,F0,8,16,0.0,0.0,0.0,0.0
baseline_eight,fixed_halo,minus,F0,8,17,0.0,0.0,0.0,0.0
baseline_eight,responsive,minus,F0,8,0,0.0,0.0,0.0,0.0
baseline_eight,responsive,minus,F0,8,1,0.0,0.0,0.0,0.0
baseline_eight,responsive,minus,F0,8,2,0.0,0.0,0.0,0.0
baseline_eight,responsive,minus,F0,8,3,1.2366484668323894e-05,6.630000562346775e-05,-0.00014440811650966593,0.00016914108584631374
baseline_eight,responsive,minus,F0,8,4,0.0,0.0,0.0,0.0
baseline_eight,responsive,minus,F0,8,5,0.00020203549838971067,0.00019713092778927526,-0.00026410507419979555,0.0006681760709792169
baseline_eight,responsive,minus,F0,8,6,0.000223695360732361,0.00022346073159783364,-0.00030470530448254254,0.0007520960259472645
baseline_eight,responsive,minus,F0,8,7,0.0,0.0,0.0,0.0
baseline_eight,responsive,minus,F0,8,8,-0.0013948112130657123,0.0005777667087375949,-0.002761012384309574,-2.8610041821850547e-05
baseline_eight,responsive,minus,F0,8,9,0.0005030224916883937,0.0006472202836990027,-0.00102741028726903,0.0020334552706458174
baseline_eight,responsive,minus,F0,8,10,0.0,0.0,0.0,0.0
baseline_eight,responsive,minus,F0,8,11,-0.0004363195015816493,0.0008569180900446928,-0.002462608798929899,0.0015899697957666005
baseline_eight,responsive,minus,F0,8,12,-2.0581918213208424e-06,7.444568984435789e-05,-0.00017809427545384415,0.0001739778918112025
baseline_eight,responsive,minus,F0,8,13,0.0,0.0,0.0,0.0
baseline_eight,responsive,minus,F0,8,14,-6.080443348803117e-05,0.00014926099848340153,-0.00041375061031883627,0.0002921417433427739
baseline_eight,responsive,minus,F0,8,15,0.0,0.0,0.0,0.0
baseline_eight,responsive,minus,F0,8,16,0.0,0.0,0.0,0.0
baseline_eight,responsive,minus,F0,8,17,0.0,0.0,0.0,0.0
baseline_eight,responsive_minus_fixed,minus,F0,8,0,0.0,0.0,0.0,0.0
baseline_eight,responsive_minus_fixed,minus,F0,8,1,0.0,0.0,0.0,0.0
baseline_eight,responsive_minus_fixed,minus,F0,8,2,0.0,0.0,0.0,0.0
baseline_eight,responsive_minus_fixed,minus,F0,8,3,1.1519516962874627e-05,6.623870171869487e-05,-0.0001451101235151719,0.00016814915744092115
baseline_eight,responsive_minus_fixed,minus,F0,8,4,0.0,0.0,0.0,0.0
baseline_eight,responsive_minus_fixed,minus,F0,8,5,0.00024371381227915431,0.00017976106491070655,-0.0001813535613008471,0.0006687811858591558
baseline_eight,responsive_minus_fixed,minus,F0,8,6,0.00021925027437207098,0.00022467753524160094,-0.00031202767424831103,0.000750528222992453
baseline_eight,responsive_minus_fixed,minus,F0,8,7,0.0,0.0,0.0,0.0
baseline_eight,responsive_minus_fixed,minus,F0,8,8,-0.0013229990491407048,0.0005666854369820273,-0.0026629971764528613,1.699907817145148e-05
baseline_eight,responsive_minus_fixed,minus,F0,8,9,0.0004791763766096715,0.0006482334161825893,-0.0010536520799885175,0.0020120048332078607
baseline_eight,responsive_minus_fixed,minus,F0,8,10,0.0,0.0,0.0,0.0
baseline_eight,responsive_minus_fixed,minus,F0,8,11,-0.0004750537250411606,0.000845817846658815,-0.0024750951176805815,0.0015249876675982605
baseline_eight,responsive_minus_fixed,minus,F0,8,12,-4.0932936791188445e-06,7.507712796116517e-05,-0.00018162249119602476,0.00017343590383778705
baseline_eight,responsive_minus_fixed,minus,F0,8,13,0.0,0.0,0.0,0.0
baseline_eight,responsive_minus_fixed,minus,F0,8,14,-6.442550176144956e-05,0.00014892557519324834,-0.00041657852854580936,0.00028772752502291023
baseline_eight,responsive_minus_fixed,minus,F0,8,15,0.0,0.0,0.0,0.0
baseline_eight,responsive_minus_fixed,minus,F0,8,16,0.0,0.0,0.0,0.0
baseline_eight,responsive_minus_fixed,minus,F0,8,17,0.0,0.0,0.0,0.0
growth_same_four,baseline_same_four,minus,F0,4,0,0.0,0.0,0.0,0.0
growth_same_four,baseline_same_four,minus,F0,4,1,0.0,0.0,0.0,0.0
growth_same_four,baseline_same_four,minus,F0,4,2,0.0,0.0,0.0,0.0
growth_same_four,baseline_same_four,minus,F0,4,3,5.383340979604597e-05,7.379599460466217e-05,-0.00018101838057833856,0.00028868520017043053
growth_same_four,baseline_same_four,minus,F0,4,4,0.0,0.0,0.0,0.0
growth_same_four,baseline_same_four,minus,F0,4,5,0.0004882165805281234,0.0002701505885581528,-0.0003715231618991392,0.001347956322955386
growth_same_four,baseline_same_four,minus,F0,4,6,0.0006676779002534922,0.0002874591696503864,-0.00024714547212046213,0.0015825012726274465
growth_same_four,baseline_same_four,minus,F0,4,7,0.0,0.0,0.0,0.0
growth_same_four,baseline_same_four,minus,F0,4,8,-0.0011235806425185094,0.00048340754603249297,-0.002661999201336149,0.00041483791629913004
growth_same_four,baseline_same_four,minus,F0,4,9,-0.00012703429541296096,0.0007920453985963028,-0.002647676247793166,0.0023936076569672443
growth_same_four,baseline_same_four,minus,F0,4,10,0.0,0.0,0.0,0.0
growth_same_four,baseline_same_four,minus,F0,4,11,-0.00035964435306012215,0.0010269055858073636,-0.003627716240488538,0.002908427534368294
growth_same_four,baseline_same_four,minus,F0,4,12,3.897655090488084e-05,0.000126539321300641,-0.0003637280446415223,0.00044168114645128396
growth_same_four,baseline_same_four,minus,F0,4,13,0.0,0.0,0.0,0.0
growth_same_four,baseline_same_four,minus,F0,4,14,0.00010638612829795513,0.000255293113107738,-0.000706070496276283,0.0009188427528721933
growth_same_four,baseline_same_four,minus,F0,4,15,0.0,0.0,0.0,0.0
growth_same_four,baseline_same_four,minus,F0,4,16,0.0,0.0,0.0,0.0
growth_same_four,baseline_same_four,minus,F0,4,17,0.0,0.0,0.0,0.0
growth_same_four,refined_same_four,minus,F0,4,0,0.0,0.0,0.0,0.0
growth_same_four,refined_same_four,minus,F0,4,1,0.0,0.0,0.0,0.0
growth_same_four,refined_same_four,minus,F0,4,2,0.0,0.0,0.0,0.0
growth_same_four,refined_same_four,minus,F0,4,3,1.287757436289647e-05,0.0001068307931733786,-0.00032710568866230953,0.0003528608373881024
growth_same_four,refined_same_four,minus,F0,4,4,0.0,0.0,0.0,0.0
growth_same_four,refined_same_four,minus,F0,4,5,0.00025071316351352527,0.0002813480730952908,-0.0006446619722074296,0.00114608829923448
growth_same_four,refined_same_four,minus,F0,4,6,-2.762450283736569e-05,0.0003386214784819296,-0.001105269175922077,0.0010500201702473456
growth_same_four,refined_same_four,minus,F0,4,7,0.0,0.0,0.0,0.0
growth_same_four,refined_same_four,minus,F0,4,8,0.00010155899742533236,0.0004637342396291508,-0.0013742503201162658,0.0015773683149669304
growth_same_four,refined_same_four,minus,F0,4,9,-1.135856932086003e-05,0.00034078395632717575,-0.001095885212034434,0.0010731680733927142
growth_same_four,refined_same_four,minus,F0,4,10,0.0,0.0,0.0,0.0
growth_same_four,refined_same_four,minus,F0,4,11,0.0024228454518976116,0.0007044449384638847,0.0001809872602070218,0.004664703643588201
growth_same_four,refined_same_four,minus,F0,4,12,9.086721371539802e-05,6.813482148083475e-05,-0.00012596819716748737,0.0003077026245982834
growth_same_four,refined_same_four,minus,F0,4,13,0.0,0.0,0.0,0.0
growth_same_four,refined_same_four,minus,F0,4,14,6.68087503713889e-05,0.0003533104552017197,-0.001057582802403625,0.0011912003031464028
growth_same_four,refined_same_four,minus,F0,4,15,0.0,0.0,0.0,0.0
growth_same_four,refined_same_four,minus,F0,4,16,0.0,0.0,0.0,0.0
growth_same_four,refined_same_four,minus,F0,4,17,0.0,0.0,0.0,0.0
growth_same_four,paired_refined_minus_baseline,minus,F0,4,0,0.0,0.0,0.0,0.0
growth_same_four,paired_refined_minus_baseline,minus,F0,4,1,0.0,0.0,0.0,0.0
growth_same_four,paired_refined_minus_baseline,minus,F0,4,2,0.0,0.0,0.0,0.0
growth_same_four,paired_refined_minus_baseline,minus,F0,4,3,-4.0955835433149516e-05,9.098691926143051e-05,-0.00033051682046588663,0.00024860514959958754
growth_same_four,paired_refined_minus_baseline,minus,F0,4,4,0.0,0.0,0.0,0.0
growth_same_four,paired_refined_minus_baseline,minus,F0,4,5,-0.00023750341701459808,0.0003305873984551512,-0.0012895800618017304,0.0008145732277725343
growth_same_four,paired_refined_minus_baseline,minus,F0,4,6,-0.0006953024030908579,0.00012175524507495363,-0.001082781932928624,-0.0003078228732530917
growth_same_four,paired_refined_minus_baseline,minus,F0,4,7,0.0,0.0,0.0,0.0
growth_same_four,paired_refined_minus_baseline,minus,F0,4,8,0.0012251396399438417,0.0002499756780051814,0.0004296054670653236,0.00202067381282236
growth_same_four,paired_refined_minus_baseline,minus,F0,4,9,0.00011567572609210103,0.0007543865138780007,-0.0022851188477552176,0.0025164702999394195
growth_same_four,paired_refined_minus_baseline,minus,F0,4,10,0.0,0.0,0.0,0.0
growth_same_four,paired_refined_minus_baseline,minus,F0,4,11,0.002782489804957734,0.0009142658072968712,-0.00012711203552192738,0.005692091645437396
growth_same_four,paired_refined_minus_baseline,minus,F0,4,12,5.1890662810517185e-05,0.00015623575695850595,-0.0004453212446753702,0.0005491025702964045
growth_same_four,paired_refined_minus_baseline,minus,F0,4,13,0.0,0.0,0.0,0.0
growth_same_four,paired_refined_minus_baseline,minus,F0,4,14,-3.9577377926566226e-05,0.00015061977251619904,-0.0005189167164735,0.0004397619606203676
growth_same_four,paired_refined_minus_baseline,minus,F0,4,15,0.0,0.0,0.0,0.0
growth_same_four,paired_refined_minus_baseline,minus,F0,4,16,0.0,0.0,0.0,0.0
growth_same_four,paired_refined_minus_baseline,minus,F0,4,17,0.0,0.0,0.0,0.0
