role,energy_action_order,circularity_action_order,radial_fourier_maximum,CB_maximum,dt,population,W2,J2,Q_plus_U2,canonical_impulse2,endpoint_orbit_energy2,endpoint_self_field_energy2,recorded_raw_physical_energy_residual,recorded_raw_impulse_residual,anchor_W2_action,anchor_W2_fourier,anchor_W2_radial_basis,anchor_W2_timestep,anchor_W2_raw_physical_budget,anchor_W2_total_allowance,anchor_J2_action,anchor_J2_fourier,anchor_J2_radial_basis,anchor_J2_timestep,anchor_J2_raw_physical_budget,anchor_J2_total_allowance
anchor,64,64,32,4,0.02,F0,1.9460900012728735e-05,0.00017073035252230376,1.9460942043496484e-05,0.00017073035252230766,1.960847005926175e-05,-1.4752801576526658e-07,4.327339673049278e-11,4.038653092508504e-18,3.21237623491331e-08,3.6691060191548216e-08,5.122391471575191e-09,1.277709968467637e-10,4.3369936694016105e-11,7.410835494579728e-08,1.3418560594797863e-07,3.1094341840129077e-07,4.765721237057923e-08,1.1892833025079364e-09,4.30970363562988e-18,4.939755200266663e-07
anchor,64,64,32,4,0.02,A_full_plus,-6.058545271387929e-06,-6.225750982534571e-05,-6.058544805409e-06,-6.225750982534901e-05,-5.9484627238090286e-06,-1.1008208159997152e-07,1.0346336029559842e-11,3.2932640989247197e-18,2.2856908202751935e-08,1.3464576662080966e-09,1.1808496092108846e-08,2.0619654155267701e-10,1.0357926987969901e-11,3.6228416429609525e-08,9.000045148931741e-08,3.750415881769353e-08,1.691245515513689e-07,1.6740036808723501e-09,6.112189747387031e-18,2.983031655453644e-07
anchor,64,64,32,4,0.02,A_full_minus,3.700332389315985e-05,0.00033929017205443793,3.700339319203105e-05,0.0003392901720544471,3.7668735692793794e-05,-6.653425007627456e-07,7.282597819875582e-11,9.161508357502512e-18,,,,,,,,,,,,
anchor,64,64,32,4,0.02,A_half_plus,7.703970475634386e-06,6.295947075360396e-05,7.70399355657308e-06,6.2959470753604e-05,7.758879948427725e-06,-5.488639185464477e-08,2.345088767966697e-11,2.507217523872729e-19,,,,,,,,,,,,
anchor,64,64,32,4,0.02,A_nine_tenths_plus,-3.1509230901041447e-06,-3.578250282657195e-05,-3.1509178146842428e-06,-3.5782502826574544e-05,-3.0688036143551647e-06,-8.211420032907793e-08,1.0488012799655296e-11,2.5953089503871762e-18,,,,,,,,,,,,
fourier_low,64,64,16,4,0.02,F0,1.9424208952537187e-05,0.00017041940910390247,1.9424250884866958e-05,0.00017041940910390675,1.9571224939814543e-05,-1.469740549475842e-07,4.3165687560134e-11,4.2825985813177425e-18,3.21237623491331e-08,3.6691060191548216e-08,5.122391471575191e-09,1.277709968467637e-10,4.3369936694016105e-11,7.410835494579728e-08,1.3418560594797863e-07,3.1094341840129077e-07,4.765721237057923e-08,1.1892833025079364e-09,4.30970363562988e-18,4.939755200266663e-07
fourier_low,64,64,16,4,0.02,A_full_plus,-6.0598917290541374e-06,-6.222000566652802e-05,-6.059891310558622e-06,-6.222000566653144e-05,-5.950404903160347e-06,-1.094864073982749e-07,1.0299376358586732e-11,3.415236843329339e-18,2.2856908202751935e-08,1.3464576662080966e-09,1.1808496092108846e-08,2.0619654155267701e-10,1.0357926987969901e-11,3.6228416429609525e-08,9.000045148931741e-08,3.750415881769353e-08,1.691245515513689e-07,1.6740036808723501e-09,6.112189747387031e-18,2.983031655453644e-07
fourier_low,64,64,16,4,0.02,A_full_minus,3.694897354810166e-05,0.0003387758109195634,3.69490427269346e-05,0.0003387758109195731,3.7611720389998715e-05,-6.626776630641105e-07,7.269172332753822e-11,9.703609443745265e-18,,,,,,,,,,,,
fourier_low,64,64,16,4,0.02,A_half_plus,7.682691774030675e-06,6.279837329798235e-05,7.682714778257016e-06,6.279837329798297e-05,7.73737789391188e-06,-5.466311565486297e-08,2.3373270038314986e-11,6.2341624917916505e-19,,,,,,,,,,,,
fourier_low,64,64,16,4,0.02,A_nine_tenths_plus,-3.1566007657153258e-06,-3.5789040307706614e-05,-3.15659554418013e-06,-3.5789040307709094e-05,-3.0749060546681075e-06,-8.16894895120222e-08,1.0440720653797889e-11,2.4801124695605914e-18,,,,,,,,,,,,
action,128,128,32,4,0.02,F0,1.949302377507787e-05,0.00017086453812825174,1.949306605726746e-05,0.00017086453812825605,1.9646817642266354e-05,-1.5375158499889636e-07,4.3369936694016105e-11,4.30970363562988e-18,3.21237623491331e-08,3.6691060191548216e-08,5.122391471575191e-09,1.277709968467637e-10,4.3369936694016105e-11,7.410835494579728e-08,1.3418560594797863e-07,3.1094341840129077e-07,4.765721237057923e-08,1.1892833025079364e-09,4.30970363562988e-18,4.939755200266663e-07
action,128,128,32,4,0.02,A_full_plus,-6.035688363185177e-06,-6.21675093738564e-05,-6.03568769143324e-06,-6.216750937386251e-05,-5.9303376628061384e-06,-1.0535002862710235e-07,1.0346333814727503e-11,6.112189747387031e-18,2.2856908202751935e-08,1.3464576662080966e-09,1.1808496092108846e-08,2.0619654155267701e-10,1.0357926987969901e-11,3.6228416429609525e-08,9.000045148931741e-08,3.750415881769353e-08,1.691245515513689e-07,1.6740036808723501e-09,6.112189747387031e-18,2.983031655453644e-07
action,128,128,32,4,0.02,A_full_minus,3.70444190926211e-05,0.0003394677594247859,3.7044488682974213e-05,0.0003394677594247983,3.7720555190776854e-05,-6.760665078026419e-07,7.288834165001873e-11,1.2414114874959026e-17,,,,,,,,,,,,
action,128,128,32,4,0.02,A_half_plus,7.731499366259258e-06,6.307165992277277e-05,7.731522676547232e-06,6.307165992277188e-05,7.7884803664745e-06,-5.6957689927268464e-08,2.3693693080763928e-11,9.622294280808852e-19,,,,,,,,,,,,
action,128,128,32,4,0.02,A_nine_tenths_plus,-3.127125450411044e-06,-3.5688049395795215e-05,-3.1271199643772122e-06,-3.568804939580026e-05,-3.0481791895232073e-06,-7.894077485400485e-08,1.0488010607534028e-11,5.04831636563563e-18,,,,,,,,,,,,
fourier,64,64,64,4,0.02,F0,1.9469987630996214e-05,0.00017080738014157008,1.947002968606782e-05,0.0001708073801415739,1.9617692358567866e-05,-1.4766267250004372e-07,4.330024114937892e-11,4.0115480381963664e-18,3.21237623491331e-08,3.6691060191548216e-08,5.122391471575191e-09,1.277709968467637e-10,4.3369936694016105e-11,7.410835494579728e-08,1.3418560594797863e-07,3.1094341840129077e-07,4.765721237057923e-08,1.1892833025079364e-09,4.30970363562988e-18,4.939755200266663e-07
fourier,64,64,64,4,0.02,A_full_plus,-6.058371242290944e-06,-6.226843684124683e-05,-6.058370764994215e-06,-6.226843684125004e-05,-5.948136554733159e-06,-1.1023421026105578e-07,1.0357926987969901e-11,3.2255014631443757e-18,2.2856908202751935e-08,1.3464576662080966e-09,1.1808496092108846e-08,2.0619654155267701e-10,1.0357926987969901e-11,3.6228416429609525e-08,9.000045148931741e-08,3.750415881769353e-08,1.691245515513689e-07,1.6740036808723501e-09,6.112189747387031e-18,2.983031655453644e-07
basis,64,64,32,6,0.02,F0,1.945577762125716e-05,0.00017068269530993318,1.945581964238845e-05,0.00017068269530993624,1.9603537892292222e-05,-1.4771824990377518e-07,4.32642646412836e-11,3.06287113727155e-18,3.21237623491331e-08,3.6691060191548216e-08,5.122391471575191e-09,1.277709968467637e-10,4.3369936694016105e-11,7.410835494579728e-08,1.3418560594797863e-07,3.1094341840129077e-07,4.765721237057923e-08,1.1892833025079364e-09,4.30970363562988e-18,4.939755200266663e-07
basis,64,64,32,6,0.02,A_full_plus,-6.0467367752958205e-06,-6.208838527379435e-05,-6.046736319985824e-06,-6.208838527379756e-05,-5.931844535223982e-06,-1.1489178476184203e-07,1.0346138463148301e-11,3.211948935988307e-18,2.2856908202751935e-08,1.3464576662080966e-09,1.1808496092108846e-08,2.0619654155267701e-10,1.0357926987969901e-11,3.6228416429609525e-08,9.000045148931741e-08,3.750415881769353e-08,1.691245515513689e-07,1.6740036808723501e-09,6.112189747387031e-18,2.983031655453644e-07
basis,64,64,32,6,0.02,A_full_minus,3.702655514332235e-05,0.0003395225847450432,3.70266244697987e-05,0.0003395225847450524,3.769954563661059e-05,-6.729211668118861e-07,7.286543094700733e-11,9.161508357502512e-18,,,,,,,,,,,,
basis,64,64,32,6,0.02,A_half_plus,7.695573507160571e-06,6.290506559162455e-05,7.695596563172266e-06,6.290506559162478e-05,7.751328271355432e-06,-5.573170818316696e-08,2.3426711955818738e-11,2.846030702774449e-19,,,,,,,,,,,,
basis,64,64,32,6,0.02,A_nine_tenths_plus,-3.145563108016627e-06,-3.568080284486816e-05,-3.1455578494831415e-06,-3.5680802844870605e-05,-3.059665401784188e-06,-8.589244769895371e-08,1.04877763588784e-11,2.4462311516704194e-18,,,,,,,,,,,,
timestep,64,64,32,4,0.01,F0,1.9461027783725582e-05,0.00017073154180560627,1.9461038291359503e-05,0.00017073154180560383,1.9608565803028943e-05,-1.4752751166944012e-07,1.0844022149014048e-11,2.656295322589486e-18,3.21237623491331e-08,3.6691060191548216e-08,5.122391471575191e-09,1.277709968467637e-10,4.3369936694016105e-11,7.410835494579728e-08,1.3418560594797863e-07,3.1094341840129077e-07,4.765721237057923e-08,1.1892833025079364e-09,4.30970363562988e-18,4.939755200266663e-07
timestep,64,64,32,4,0.01,A_full_plus,-6.058751467929482e-06,-6.225918382902659e-05,-6.058751351591911e-06,-6.225918382903134e-05,-5.948655389346732e-06,-1.1009596224517859e-07,2.648590763734941e-12,4.756937031780151e-18,2.2856908202751935e-08,1.3464576662080966e-09,1.1808496092108846e-08,2.0619654155267701e-10,1.0357926987969901e-11,3.6228416429609525e-08,9.000045148931741e-08,3.750415881769353e-08,1.691245515513689e-07,1.6740036808723501e-09,6.112189747387031e-18,2.983031655453644e-07
timestep,64,64,32,4,0.01,A_full_minus,3.700369709086417e-05,0.00033929353060967627,3.700371441558464e-05,0.00033929353060967496,3.766904914925783e-05,-6.653347336731935e-07,1.8206586269804616e-11,3.3610267347050637e-18,,,,,,,,,,,,
timestep,64,64,32,4,0.01,A_half_plus,7.703939679180673e-06,6.295928935503661e-05,7.703945449311897e-06,6.295928935503324e-05,7.758836600274685e-06,-5.4891150962788304e-08,5.862607132341071e-12,3.3745792618611326e-18,,,,,,,,,,,,
timestep,64,64,32,4,0.01,A_nine_tenths_plus,-3.1510932235671808e-06,-3.578387191215058e-05,-3.1510919048580427e-06,-3.5783871912154746e-05,-3.0689660856212392e-06,-8.212581923680351e-08,2.683671934711601e-12,4.167402100491158e-18,,,,,,,,,,,,
