epsilon,omega,population,observable,mean,nominal95_lower,nominal95_upper,raw_physical_budget_proxy,complete_empirical_allowance,negative_sign_qualified,magnitude_agreement_qualified
0.005,0.12,reference,work2,1.477523548504629e-05,1.092365868030882e-05,1.862681228978376e-05,1.8906385722724206e-08,2.4469969127270797e-08,False,False
0.005,0.12,reference,impulse2,0.00012985796516499696,9.664158831234633e-05,0.00016307434201764758,1.8002853595373856e-09,4.9678337082828984e-08,False,False
0.005,0.12,hidden-plus,work2,-4.1261898358961025e-06,-8.051496371460935e-06,-2.0088330033126955e-07,1.890935141194315e-08,2.4908948680459334e-08,True,False
0.005,0.12,hidden-plus,impulse2,-4.0920519067149046e-05,-7.452098952477973e-05,-7.320048609518365e-06,1.8312987122823029e-09,5.3137458663231974e-08,True,False
0.005,0.12,hidden-minus,work2,3.367666080598869e-05,2.987641683727269e-05,3.747690477470469e-05,1.8903420033505294e-08,2.4038155963517477e-08,False,False
0.005,0.12,hidden-minus,impulse2,0.000300636449397143,0.0002675305878321162,0.0003337423109621698,1.769272006792472e-09,4.636436925227555e-08,False,False
0.005,0.12,hidden-half,work2,5.324522824575096e-06,1.438810160380927e-06,9.210235488769264e-06,1.890786856733372e-08,2.4688656583970947e-08,False,False
0.005,0.12,hidden-half,impulse2,4.446872304892395e-05,1.109406402020982e-05,7.784338207763808e-05,1.8157920359098448e-09,5.139160334109283e-08,False,False
0.005,0.12,hidden-ninetenths,work2,-2.236047303801841e-06,-6.153006040266607e-06,1.6809114326629255e-06,1.8909054843021308e-08,2.4864769806833922e-08,False,False
0.005,0.12,hidden-ninetenths,impulse2,-2.3842670643934558e-05,-5.73926360535417e-05,9.707294765672585e-06,1.8281973770078113e-09,5.2785840373797495e-08,False,False
