omega,population,observable,mean,nominal95_lower,nominal95_upper,primary_step_proxy,tangent_consistency_proxy,raw_mechanical_budget
0.1,reference,work2,2.778134859893041e-05,2.7461006151193704e-05,2.8101691046667115e-05,,2.0192215088437213e-05,
0.1,reference,impulse2,0.00028481310255660934,0.0002814931175416376,0.00028813308757158105,,0.00019100055972665414,
0.1,hidden-plus,work2,-9.875636423143992e-06,-1.0370853240480196e-05,-9.380419605807787e-06,,1.9977601993738365e-05,
0.1,hidden-plus,impulse2,-9.725500228533683e-05,-0.00010247527259327331,-9.203473197740034e-05,,0.0001867553695104363,
0.1,hidden-minus,work2,6.543833362100481e-05,6.435861369988534e-05,6.651805354212428e-05,,2.040682818313606e-05,
0.1,hidden-minus,impulse2,0.0006668812073985558,0.0006555796064197081,0.0006781828083774036,,0.00019524574994287197,
0.1,hidden-half,work2,8.952856087893214e-06,8.800524343258676e-06,9.105187832527752e-06,,2.008490854108779e-05,
0.1,hidden-half,impulse2,9.377905013563615e-05,9.219154877435731e-05,9.536655149691498e-05,,0.00018887796461854522,
0.1,hidden-ninetenths,work2,-6.1099379209365805e-06,-6.5303149235080444e-06,-5.6895609183651165e-06,,1.9999063303208252e-05,
0.1,hidden-ninetenths,impulse2,-5.904819180114248e-05,-6.348061254710926e-05,-5.461577105517569e-05,,0.00018717988853205806,
0.12,reference,work2,1.491227707430544e-05,1.4771749239348651e-05,1.5052804909262229e-05,4.0054011741219033e-10,6.259576249821527e-06,
0.12,reference,impulse2,0.0001307554479698604,0.00012955329333690262,0.0001319576026028182,1.6560240207125557e-09,6.318455022266491e-05,
0.12,hidden-plus,work2,-4.367733872611715e-06,-4.650549542380627e-06,-4.084918202842803e-06,3.975329730654918e-10,6.33334601290032e-06,
0.12,hidden-plus,impulse2,-4.3670848618166535e-05,-4.6077454565450764e-05,-4.126424267088231e-05,2.32517125909118e-09,6.25564643754646e-05,
0.12,hidden-minus,work2,3.4192288021222595e-05,3.373553005945297e-05,3.464904598299222e-05,4.0354726176905324e-10,6.37662909572224e-06,
0.12,hidden-minus,impulse2,0.0003051817445578875,0.0003011420612197233,0.00030922142789605164,1.1013949331555029e-09,6.381263606986523e-05,
0.12,hidden-half,work2,5.272271600846864e-06,5.135425561469382e-06,5.409117640224346e-06,3.990365452210534e-10,6.213709643697411e-06,
0.12,hidden-half,impulse2,4.3542299675846933e-05,4.24396171709344e-05,4.464498218075947e-05,1.990597639956078e-09,6.287050729906475e-05,
0.12,hidden-ninetenths,work2,-2.439732777919979e-06,-2.6902338802606644e-06,-2.1892316755792934e-06,3.9783368746136756e-10,6.248997541551272e-06,
0.12,hidden-ninetenths,impulse2,-2.6228218959363953e-05,-2.8347694046981082e-05,-2.4108743871746824e-05,2.258256534895531e-09,6.261927296018464e-05,
0.14,reference,work2,9.085894214482753e-06,8.963061441011765e-06,9.20872698795374e-06,,2.1038890166819164e-06,
0.14,reference,impulse2,6.58671913592069e-05,6.497043882226587e-05,6.676394389614791e-05,,1.5659338542842404e-05,
0.14,hidden-plus,work2,6.57003660927715e-06,6.456349631713384e-06,6.6837235868409155e-06,,2.2496521253280225e-06,
0.14,hidden-plus,impulse2,4.240138712582118e-05,4.160037644726977e-05,4.32023978043726e-05,,1.78181961729866e-05,
0.14,hidden-minus,work2,1.1601751819688353e-05,1.1447147431522762e-05,1.1756356207853943e-05,,1.9581259080358103e-06,
0.14,hidden-minus,impulse2,8.93329955925926e-05,8.811713626868625e-05,9.054885491649895e-05,,1.4271566763363356e-05,
0.14,hidden-half,work2,7.827965411879951e-06,7.713183547461969e-06,7.942747276297934e-06,,2.1767705710049697e-06,
0.14,hidden-half,impulse2,5.4134289242514035e-05,5.3322537194395956e-05,5.494604129063211e-05,,1.6738767357914503e-05,
0.14,hidden-ninetenths,work2,6.821622369797711e-06,6.708301016693756e-06,6.934943722901667e-06,,2.2350758144634136e-06,
0.14,hidden-ninetenths,impulse2,4.474796754915974e-05,4.395119234391407e-05,4.554474275440541e-05,,1.760231040997218e-05,
