population,radius,polar_angle,binding_fraction,current_per_binding
reference,1.0,1.5707963267948966,0.0,0.0
reference,1.0,1.5707963267948966,0.015625,0.0
reference,1.0,1.5707963267948966,0.03125,0.0
reference,1.0,1.5707963267948966,0.046875,0.0
reference,1.0,1.5707963267948966,0.0625,0.0
reference,1.0,1.5707963267948966,0.078125,0.0
reference,1.0,1.5707963267948966,0.09375,0.0
reference,1.0,1.5707963267948966,0.109375,0.0
reference,1.0,1.5707963267948966,0.125,0.0
reference,1.0,1.5707963267948966,0.140625,0.0
reference,1.0,1.5707963267948966,0.15625,0.0
reference,1.0,1.5707963267948966,0.171875,0.0
reference,1.0,1.5707963267948966,0.1875,0.0
reference,1.0,1.5707963267948966,0.203125,0.0
reference,1.0,1.5707963267948966,0.21875,0.0
reference,1.0,1.5707963267948966,0.234375,0.0
reference,1.0,1.5707963267948966,0.25,0.0
reference,1.0,1.5707963267948966,0.265625,0.0
reference,1.0,1.5707963267948966,0.28125,0.0
reference,1.0,1.5707963267948966,0.296875,0.0
reference,1.0,1.5707963267948966,0.3125,0.0
reference,1.0,1.5707963267948966,0.328125,0.0
reference,1.0,1.5707963267948966,0.34375,0.0
reference,1.0,1.5707963267948966,0.359375,0.0
reference,1.0,1.5707963267948966,0.375,0.0
reference,1.0,1.5707963267948966,0.390625,0.0
reference,1.0,1.5707963267948966,0.40625,0.0
reference,1.0,1.5707963267948966,0.421875,0.0
reference,1.0,1.5707963267948966,0.4375,0.0
reference,1.0,1.5707963267948966,0.453125,0.0
reference,1.0,1.5707963267948966,0.46875,0.0
reference,1.0,1.5707963267948966,0.484375,0.0
reference,1.0,1.5707963267948966,0.5,0.0
reference,1.0,1.5707963267948966,0.515625,0.0
reference,1.0,1.5707963267948966,0.53125,0.0
reference,1.0,1.5707963267948966,0.546875,0.0
reference,1.0,1.5707963267948966,0.5625,0.0
reference,1.0,1.5707963267948966,0.578125,0.0
reference,1.0,1.5707963267948966,0.59375,0.0
reference,1.0,1.5707963267948966,0.609375,0.0
reference,1.0,1.5707963267948966,0.625,0.0
reference,1.0,1.5707963267948966,0.640625,0.0
reference,1.0,1.5707963267948966,0.65625,0.0
reference,1.0,1.5707963267948966,0.671875,0.0
reference,1.0,1.5707963267948966,0.6875,0.0
reference,1.0,1.5707963267948966,0.703125,0.0
reference,1.0,1.5707963267948966,0.71875,0.0
reference,1.0,1.5707963267948966,0.734375,0.0
reference,1.0,1.5707963267948966,0.75,0.0
reference,1.0,1.5707963267948966,0.765625,0.0
reference,1.0,1.5707963267948966,0.78125,0.0
reference,1.0,1.5707963267948966,0.796875,0.0
reference,1.0,1.5707963267948966,0.8125,0.0
reference,1.0,1.5707963267948966,0.828125,0.0
reference,1.0,1.5707963267948966,0.84375,0.0
reference,1.0,1.5707963267948966,0.859375,0.0
reference,1.0,1.5707963267948966,0.875,0.0
reference,1.0,1.5707963267948966,0.890625,0.0
reference,1.0,1.5707963267948966,0.90625,0.0
reference,1.0,1.5707963267948966,0.921875,0.0
reference,1.0,1.5707963267948966,0.9375,0.0
reference,1.0,1.5707963267948966,0.953125,0.0
reference,1.0,1.5707963267948966,0.96875,0.0
reference,1.0,1.5707963267948966,0.984375,0.0
reference,1.0,1.5707963267948966,1.0,0.0
hidden-plus,1.0,1.5707963267948966,0.0,0.0
hidden-plus,1.0,1.5707963267948966,0.015625,-1.184881563756295e-08
hidden-plus,1.0,1.5707963267948966,0.03125,-9.099207590743008e-08
hidden-plus,1.0,1.5707963267948966,0.046875,-6.868872030095225e-08
hidden-plus,1.0,1.5707963267948966,0.0625,7.325656544097896e-07
hidden-plus,1.0,1.5707963267948966,0.078125,3.509261541312418e-06
hidden-plus,1.0,1.5707963267948966,0.09375,9.80532207246607e-06
hidden-plus,1.0,1.5707963267948966,0.109375,2.1251939201763613e-05
hidden-plus,1.0,1.5707963267948966,0.125,3.9287558785227106e-05
hidden-plus,1.0,1.5707963267948966,0.140625,6.490610226110055e-05
hidden-plus,1.0,1.5707963267948966,0.15625,9.846428035759239e-05
hidden-plus,1.0,1.5707963267948966,0.171875,0.00013956476722816125
hidden-plus,1.0,1.5707963267948966,0.1875,0.00018702077075900898
hidden-plus,1.0,1.5707963267948966,0.203125,0.00023889887026694258
hidden-plus,1.0,1.5707963267948966,0.21875,0.0002926306162191645
hidden-plus,1.0,1.5707963267948966,0.234375,0.00034517902520021874
hidden-plus,1.0,1.5707963267948966,0.25,0.00039324349310391836
hidden-plus,1.0,1.5707963267948966,0.265625,0.0004334855363905147
hidden-plus,1.0,1.5707963267948966,0.28125,0.00046275791228993435
hidden-plus,1.0,1.5707963267948966,0.296875,0.00047832083328684953
hidden-plus,1.0,1.5707963267948966,0.3125,0.000478030961438997
hidden-plus,1.0,1.5707963267948966,0.328125,0.0004604914403449918
hidden-plus,1.0,1.5707963267948966,0.34375,0.0004251542078318898
hidden-plus,1.0,1.5707963267948966,0.359375,0.0003723690568556087
hidden-plus,1.0,1.5707963267948966,0.375,0.0003033772175757933
hidden-plus,1.0,1.5707963267948966,0.390625,0.00022025047798538932
hidden-plus,1.0,1.5707963267948966,0.40625,0.00012577991797447661
hidden-plus,1.0,1.5707963267948966,0.421875,2.3321092719366902e-05
hidden-plus,1.0,1.5707963267948966,0.4375,-8.339512751228137e-05
hidden-plus,1.0,1.5707963267948966,0.453125,-0.0001904749498999302
hidden-plus,1.0,1.5707963267948966,0.46875,-0.0002940847970446708
hidden-plus,1.0,1.5707963267948966,0.484375,-0.00039067190228247377
hidden-plus,1.0,1.5707963267948966,0.5,-0.000477168878509506
hidden-plus,1.0,1.5707963267948966,0.515625,-0.000551169202916022
hidden-plus,1.0,1.5707963267948966,0.53125,-0.0006110616106858486
hidden-plus,1.0,1.5707963267948966,0.546875,-0.0006561130548276591
hidden-plus,1.0,1.5707963267948966,0.5625,-0.0006864921428228525
hidden-plus,1.0,1.5707963267948966,0.578125,-0.0007032277669434047
hidden-plus,1.0,1.5707963267948966,0.59375,-0.0007081009545678006
hidden-plus,1.0,1.5707963267948966,0.609375,-0.000703471715496724
hidden-plus,1.0,1.5707963267948966,0.625,-0.0006920467797043309
hidden-plus,1.0,1.5707963267948966,0.640625,-0.0006765985111796655
hidden-plus,1.0,1.5707963267948966,0.65625,-0.0006596498450404428
hidden-plus,1.0,1.5707963267948966,0.671875,-0.0006431446997700001
hidden-plus,1.0,1.5707963267948966,0.6875,-0.0006281278136698488
hidden-plus,1.0,1.5707963267948966,0.703125,-0.0006144621625179526
hidden-plus,1.0,1.5707963267948966,0.71875,-0.0006006158105075356
hidden-plus,1.0,1.5707963267948966,0.734375,-0.0005835529491348637
hidden-plus,1.0,1.5707963267948966,0.75,-0.000558765631267041
hidden-plus,1.0,1.5707963267948966,0.765625,-0.0005204828429079803
hidden-plus,1.0,1.5707963267948966,0.78125,-0.00046209144810136784
hidden-plus,1.0,1.5707963267948966,0.796875,-0.0003767983356797663
hidden-plus,1.0,1.5707963267948966,0.8125,-0.00025855358264187454
hidden-plus,1.0,1.5707963267948966,0.828125,-0.00010323887484796789
hidden-plus,1.0,1.5707963267948966,0.84375,8.989884224255361e-05
hidden-plus,1.0,1.5707963267948966,0.859375,0.0003166255932149775
hidden-plus,1.0,1.5707963267948966,0.875,0.0005660242632259022
hidden-plus,1.0,1.5707963267948966,0.890625,0.0008189259949248221
hidden-plus,1.0,1.5707963267948966,0.90625,0.0010468125509621995
hidden-plus,1.0,1.5707963267948966,0.921875,0.0012117738066230537
hidden-plus,1.0,1.5707963267948966,0.9375,0.0012685495467672854
hidden-plus,1.0,1.5707963267948966,0.953125,0.0011706177440350925
hidden-plus,1.0,1.5707963267948966,0.96875,0.000884664598649746
hidden-plus,1.0,1.5707963267948966,0.984375,0.00042613978048735624
hidden-plus,1.0,1.5707963267948966,1.0,0.0
hidden-minus,1.0,1.5707963267948966,0.0,0.0
hidden-minus,1.0,1.5707963267948966,0.015625,1.184881563756295e-08
hidden-minus,1.0,1.5707963267948966,0.03125,9.099207590743008e-08
hidden-minus,1.0,1.5707963267948966,0.046875,6.868872030095225e-08
hidden-minus,1.0,1.5707963267948966,0.0625,-7.325656544097896e-07
hidden-minus,1.0,1.5707963267948966,0.078125,-3.509261541312418e-06
hidden-minus,1.0,1.5707963267948966,0.09375,-9.80532207246607e-06
hidden-minus,1.0,1.5707963267948966,0.109375,-2.1251939201763613e-05
hidden-minus,1.0,1.5707963267948966,0.125,-3.9287558785227106e-05
hidden-minus,1.0,1.5707963267948966,0.140625,-6.490610226110055e-05
hidden-minus,1.0,1.5707963267948966,0.15625,-9.846428035759239e-05
hidden-minus,1.0,1.5707963267948966,0.171875,-0.00013956476722816125
hidden-minus,1.0,1.5707963267948966,0.1875,-0.00018702077075900898
hidden-minus,1.0,1.5707963267948966,0.203125,-0.00023889887026694258
hidden-minus,1.0,1.5707963267948966,0.21875,-0.0002926306162191645
hidden-minus,1.0,1.5707963267948966,0.234375,-0.00034517902520021874
hidden-minus,1.0,1.5707963267948966,0.25,-0.00039324349310391836
hidden-minus,1.0,1.5707963267948966,0.265625,-0.0004334855363905147
hidden-minus,1.0,1.5707963267948966,0.28125,-0.00046275791228993435
hidden-minus,1.0,1.5707963267948966,0.296875,-0.00047832083328684953
hidden-minus,1.0,1.5707963267948966,0.3125,-0.000478030961438997
hidden-minus,1.0,1.5707963267948966,0.328125,-0.0004604914403449918
hidden-minus,1.0,1.5707963267948966,0.34375,-0.0004251542078318898
hidden-minus,1.0,1.5707963267948966,0.359375,-0.0003723690568556087
hidden-minus,1.0,1.5707963267948966,0.375,-0.0003033772175757933
hidden-minus,1.0,1.5707963267948966,0.390625,-0.00022025047798538932
hidden-minus,1.0,1.5707963267948966,0.40625,-0.00012577991797447661
hidden-minus,1.0,1.5707963267948966,0.421875,-2.3321092719366902e-05
hidden-minus,1.0,1.5707963267948966,0.4375,8.339512751228137e-05
hidden-minus,1.0,1.5707963267948966,0.453125,0.0001904749498999302
hidden-minus,1.0,1.5707963267948966,0.46875,0.0002940847970446708
hidden-minus,1.0,1.5707963267948966,0.484375,0.00039067190228247377
hidden-minus,1.0,1.5707963267948966,0.5,0.000477168878509506
hidden-minus,1.0,1.5707963267948966,0.515625,0.000551169202916022
hidden-minus,1.0,1.5707963267948966,0.53125,0.0006110616106858486
hidden-minus,1.0,1.5707963267948966,0.546875,0.0006561130548276591
hidden-minus,1.0,1.5707963267948966,0.5625,0.0006864921428228525
hidden-minus,1.0,1.5707963267948966,0.578125,0.0007032277669434047
hidden-minus,1.0,1.5707963267948966,0.59375,0.0007081009545678006
hidden-minus,1.0,1.5707963267948966,0.609375,0.000703471715496724
hidden-minus,1.0,1.5707963267948966,0.625,0.0006920467797043309
hidden-minus,1.0,1.5707963267948966,0.640625,0.0006765985111796655
hidden-minus,1.0,1.5707963267948966,0.65625,0.0006596498450404428
hidden-minus,1.0,1.5707963267948966,0.671875,0.0006431446997700001
hidden-minus,1.0,1.5707963267948966,0.6875,0.0006281278136698488
hidden-minus,1.0,1.5707963267948966,0.703125,0.0006144621625179526
hidden-minus,1.0,1.5707963267948966,0.71875,0.0006006158105075356
hidden-minus,1.0,1.5707963267948966,0.734375,0.0005835529491348637
hidden-minus,1.0,1.5707963267948966,0.75,0.000558765631267041
hidden-minus,1.0,1.5707963267948966,0.765625,0.0005204828429079803
hidden-minus,1.0,1.5707963267948966,0.78125,0.00046209144810136784
hidden-minus,1.0,1.5707963267948966,0.796875,0.0003767983356797663
hidden-minus,1.0,1.5707963267948966,0.8125,0.00025855358264187454
hidden-minus,1.0,1.5707963267948966,0.828125,0.00010323887484796789
hidden-minus,1.0,1.5707963267948966,0.84375,-8.989884224255361e-05
hidden-minus,1.0,1.5707963267948966,0.859375,-0.0003166255932149775
hidden-minus,1.0,1.5707963267948966,0.875,-0.0005660242632259022
hidden-minus,1.0,1.5707963267948966,0.890625,-0.0008189259949248221
hidden-minus,1.0,1.5707963267948966,0.90625,-0.0010468125509621995
hidden-minus,1.0,1.5707963267948966,0.921875,-0.0012117738066230537
hidden-minus,1.0,1.5707963267948966,0.9375,-0.0012685495467672854
hidden-minus,1.0,1.5707963267948966,0.953125,-0.0011706177440350925
hidden-minus,1.0,1.5707963267948966,0.96875,-0.000884664598649746
hidden-minus,1.0,1.5707963267948966,0.984375,-0.00042613978048735624
hidden-minus,1.0,1.5707963267948966,1.0,-0.0
hidden-half,1.0,1.5707963267948966,0.0,0.0
hidden-half,1.0,1.5707963267948966,0.015625,-5.924407818781475e-09
hidden-half,1.0,1.5707963267948966,0.03125,-4.549603795371504e-08
hidden-half,1.0,1.5707963267948966,0.046875,-3.4344360150476126e-08
hidden-half,1.0,1.5707963267948966,0.0625,3.662828272048948e-07
hidden-half,1.0,1.5707963267948966,0.078125,1.754630770656209e-06
hidden-half,1.0,1.5707963267948966,0.09375,4.902661036233035e-06
hidden-half,1.0,1.5707963267948966,0.109375,1.0625969600881806e-05
hidden-half,1.0,1.5707963267948966,0.125,1.9643779392613553e-05
hidden-half,1.0,1.5707963267948966,0.140625,3.2453051130550276e-05
hidden-half,1.0,1.5707963267948966,0.15625,4.9232140178796196e-05
hidden-half,1.0,1.5707963267948966,0.171875,6.978238361408062e-05
hidden-half,1.0,1.5707963267948966,0.1875,9.351038537950449e-05
hidden-half,1.0,1.5707963267948966,0.203125,0.00011944943513347129
hidden-half,1.0,1.5707963267948966,0.21875,0.00014631530810958225
hidden-half,1.0,1.5707963267948966,0.234375,0.00017258951260010937
hidden-half,1.0,1.5707963267948966,0.25,0.00019662174655195918
hidden-half,1.0,1.5707963267948966,0.265625,0.00021674276819525734
hidden-half,1.0,1.5707963267948966,0.28125,0.00023137895614496718
hidden-half,1.0,1.5707963267948966,0.296875,0.00023916041664342477
hidden-half,1.0,1.5707963267948966,0.3125,0.0002390154807194985
hidden-half,1.0,1.5707963267948966,0.328125,0.0002302457201724959
hidden-half,1.0,1.5707963267948966,0.34375,0.0002125771039159449
hidden-half,1.0,1.5707963267948966,0.359375,0.00018618452842780435
hidden-half,1.0,1.5707963267948966,0.375,0.00015168860878789664
hidden-half,1.0,1.5707963267948966,0.390625,0.00011012523899269466
hidden-half,1.0,1.5707963267948966,0.40625,6.288995898723831e-05
hidden-half,1.0,1.5707963267948966,0.421875,1.1660546359683451e-05
hidden-half,1.0,1.5707963267948966,0.4375,-4.1697563756140685e-05
hidden-half,1.0,1.5707963267948966,0.453125,-9.52374749499651e-05
hidden-half,1.0,1.5707963267948966,0.46875,-0.0001470423985223354
hidden-half,1.0,1.5707963267948966,0.484375,-0.00019533595114123688
hidden-half,1.0,1.5707963267948966,0.5,-0.000238584439254753
hidden-half,1.0,1.5707963267948966,0.515625,-0.000275584601458011
hidden-half,1.0,1.5707963267948966,0.53125,-0.0003055308053429243
hidden-half,1.0,1.5707963267948966,0.546875,-0.00032805652741382953
hidden-half,1.0,1.5707963267948966,0.5625,-0.00034324607141142626
hidden-half,1.0,1.5707963267948966,0.578125,-0.00035161388347170234
hidden-half,1.0,1.5707963267948966,0.59375,-0.0003540504772839003
hidden-half,1.0,1.5707963267948966,0.609375,-0.000351735857748362
hidden-half,1.0,1.5707963267948966,0.625,-0.00034602338985216546
hidden-half,1.0,1.5707963267948966,0.640625,-0.00033829925558983274
hidden-half,1.0,1.5707963267948966,0.65625,-0.0003298249225202214
hidden-half,1.0,1.5707963267948966,0.671875,-0.00032157234988500005
hidden-half,1.0,1.5707963267948966,0.6875,-0.0003140639068349244
hidden-half,1.0,1.5707963267948966,0.703125,-0.0003072310812589763
hidden-half,1.0,1.5707963267948966,0.71875,-0.0003003079052537678
hidden-half,1.0,1.5707963267948966,0.734375,-0.00029177647456743184
hidden-half,1.0,1.5707963267948966,0.75,-0.0002793828156335205
hidden-half,1.0,1.5707963267948966,0.765625,-0.0002602414214539902
hidden-half,1.0,1.5707963267948966,0.78125,-0.00023104572405068392
hidden-half,1.0,1.5707963267948966,0.796875,-0.00018839916783988314
hidden-half,1.0,1.5707963267948966,0.8125,-0.00012927679132093727
hidden-half,1.0,1.5707963267948966,0.828125,-5.1619437423983945e-05
hidden-half,1.0,1.5707963267948966,0.84375,4.4949421121276806e-05
hidden-half,1.0,1.5707963267948966,0.859375,0.00015831279660748874
hidden-half,1.0,1.5707963267948966,0.875,0.0002830121316129511
hidden-half,1.0,1.5707963267948966,0.890625,0.00040946299746241104
hidden-half,1.0,1.5707963267948966,0.90625,0.0005234062754810998
hidden-half,1.0,1.5707963267948966,0.921875,0.0006058869033115268
hidden-half,1.0,1.5707963267948966,0.9375,0.0006342747733836427
hidden-half,1.0,1.5707963267948966,0.953125,0.0005853088720175463
hidden-half,1.0,1.5707963267948966,0.96875,0.000442332299324873
hidden-half,1.0,1.5707963267948966,0.984375,0.00021306989024367812
hidden-half,1.0,1.5707963267948966,1.0,0.0
hidden-ninetenths,1.0,1.5707963267948966,0.0,0.0
hidden-ninetenths,1.0,1.5707963267948966,0.015625,-1.0663934073806653e-08
hidden-ninetenths,1.0,1.5707963267948966,0.03125,-8.189286831668705e-08
hidden-ninetenths,1.0,1.5707963267948966,0.046875,-6.181984827085709e-08
hidden-ninetenths,1.0,1.5707963267948966,0.0625,6.593090889688104e-07
hidden-ninetenths,1.0,1.5707963267948966,0.078125,3.1583353871811766e-06
hidden-ninetenths,1.0,1.5707963267948966,0.09375,8.824789865219469e-06
hidden-ninetenths,1.0,1.5707963267948966,0.109375,1.9126745281587248e-05
hidden-ninetenths,1.0,1.5707963267948966,0.125,3.5358802906704416e-05
hidden-ninetenths,1.0,1.5707963267948966,0.140625,5.841549203499052e-05
hidden-ninetenths,1.0,1.5707963267948966,0.15625,8.86178523218332e-05
hidden-ninetenths,1.0,1.5707963267948966,0.171875,0.00012560829050534516
hidden-ninetenths,1.0,1.5707963267948966,0.1875,0.00016831869368310814
hidden-ninetenths,1.0,1.5707963267948966,0.203125,0.00021500898324024816
hidden-ninetenths,1.0,1.5707963267948966,0.21875,0.0002633675545972481
hidden-ninetenths,1.0,1.5707963267948966,0.234375,0.0003106611226801967
hidden-ninetenths,1.0,1.5707963267948966,0.25,0.0003539191437935263
hidden-ninetenths,1.0,1.5707963267948966,0.265625,0.00039013698275146367
hidden-ninetenths,1.0,1.5707963267948966,0.28125,0.00041648212106094146
hidden-ninetenths,1.0,1.5707963267948966,0.296875,0.0004304887499581648
hidden-ninetenths,1.0,1.5707963267948966,0.3125,0.0004302278652950973
hidden-ninetenths,1.0,1.5707963267948966,0.328125,0.000414442296310492
hidden-ninetenths,1.0,1.5707963267948966,0.34375,0.0003826387870486997
hidden-ninetenths,1.0,1.5707963267948966,0.359375,0.0003351321511700489
hidden-ninetenths,1.0,1.5707963267948966,0.375,0.00027303949581821476
hidden-ninetenths,1.0,1.5707963267948966,0.390625,0.0001982254301868499
hidden-ninetenths,1.0,1.5707963267948966,0.40625,0.00011320192617702986
hidden-ninetenths,1.0,1.5707963267948966,0.421875,2.0988983447431807e-05
hidden-ninetenths,1.0,1.5707963267948966,0.4375,-7.505561476105331e-05
hidden-ninetenths,1.0,1.5707963267948966,0.453125,-0.00017142745490993802
hidden-ninetenths,1.0,1.5707963267948966,0.46875,-0.0002646763173402031
hidden-ninetenths,1.0,1.5707963267948966,0.484375,-0.0003516047120542283
hidden-ninetenths,1.0,1.5707963267948966,0.5,-0.00042945199065855537
hidden-ninetenths,1.0,1.5707963267948966,0.515625,-0.0004960522826244204
hidden-ninetenths,1.0,1.5707963267948966,0.53125,-0.0005499554496172645
hidden-ninetenths,1.0,1.5707963267948966,0.546875,-0.0005905017493448922
hidden-ninetenths,1.0,1.5707963267948966,0.5625,-0.0006178429285405676
hidden-ninetenths,1.0,1.5707963267948966,0.578125,-0.0006329049902490644
hidden-ninetenths,1.0,1.5707963267948966,0.59375,-0.0006372908591110208
hidden-ninetenths,1.0,1.5707963267948966,0.609375,-0.0006331245439470516
hidden-ninetenths,1.0,1.5707963267948966,0.625,-0.000622842101733898
hidden-ninetenths,1.0,1.5707963267948966,0.640625,-0.0006089386600616989
hidden-ninetenths,1.0,1.5707963267948966,0.65625,-0.0005936848605363987
hidden-ninetenths,1.0,1.5707963267948966,0.671875,-0.0005788302297930003
hidden-ninetenths,1.0,1.5707963267948966,0.6875,-0.0005653150323028631
hidden-ninetenths,1.0,1.5707963267948966,0.703125,-0.000553015946266158
hidden-ninetenths,1.0,1.5707963267948966,0.71875,-0.0005405542294567852
hidden-ninetenths,1.0,1.5707963267948966,0.734375,-0.0005251976542213758
hidden-ninetenths,1.0,1.5707963267948966,0.75,-0.0005028890681403385
hidden-ninetenths,1.0,1.5707963267948966,0.765625,-0.00046843455861718327
hidden-ninetenths,1.0,1.5707963267948966,0.78125,-0.0004158823032912301
hidden-ninetenths,1.0,1.5707963267948966,0.796875,-0.00033911850211178874
hidden-ninetenths,1.0,1.5707963267948966,0.8125,-0.00023269822437768805
hidden-ninetenths,1.0,1.5707963267948966,0.828125,-9.291498736317119e-05
hidden-ninetenths,1.0,1.5707963267948966,0.84375,8.090895801829792e-05
hidden-ninetenths,1.0,1.5707963267948966,0.859375,0.00028496303389348107
hidden-ninetenths,1.0,1.5707963267948966,0.875,0.0005094218369033112
hidden-ninetenths,1.0,1.5707963267948966,0.890625,0.0007370333954323402
hidden-ninetenths,1.0,1.5707963267948966,0.90625,0.0009421312958659805
hidden-ninetenths,1.0,1.5707963267948966,0.921875,0.0010905964259607475
hidden-ninetenths,1.0,1.5707963267948966,0.9375,0.0011416945920905545
hidden-ninetenths,1.0,1.5707963267948966,0.953125,0.0010535559696315856
hidden-ninetenths,1.0,1.5707963267948966,0.96875,0.0007961981387847709
hidden-ninetenths,1.0,1.5707963267948966,0.984375,0.000383525802438621
hidden-ninetenths,1.0,1.5707963267948966,1.0,0.0
