cohort,library,omega,population,observable,canonical,time,canonical_minus_time
tangent-ensemble,Library A,0.1,reference,work2,2.843657608977991e-05,1.4380961283412608e-05,1.4055614806367303e-05
tangent-ensemble,Library B,0.1,reference,work2,2.797019588110133e-05,4.816241096953854e-05,-2.0192215088437213e-05
tangent-ensemble,Library C,0.1,reference,work2,2.798305321949812e-05,2.022025657114102e-05,7.762796648357099e-06
tangent-ensemble,Library D,0.1,reference,work2,2.7537093510780798e-05,2.860726037389368e-05,-1.0701668631128808e-06
tangent-ensemble,Library E,0.1,reference,work2,2.716297340777753e-05,2.729905430376737e-05,-1.3608089598983884e-07
tangent-ensemble,Library F,0.1,reference,work2,2.7886012068469268e-05,2.929277593158309e-05,-1.406763863113819e-06
tangent-ensemble,Library G,0.1,reference,work2,2.751981921797001e-05,3.541437097855706e-05,-7.894551760587048e-06
tangent-ensemble,Library H,0.1,reference,work2,2.77550653960663e-05,2.003730480718016e-05,7.71776058888614e-06
tangent-ensemble,Library A,0.1,reference,impulse2,0.0002911698343948322,0.00013140637711754174,0.00015976345727729044
tangent-ensemble,Library B,0.1,reference,impulse2,0.00028691172759659684,0.00047791228732325095,-0.00019100055972665414
tangent-ensemble,Library C,0.1,reference,impulse2,0.0002867897322923104,0.00019854258950030462,8.82471427920058e-05
tangent-ensemble,Library D,0.1,reference,impulse2,0.000282119127302429,0.0002993804545760725,-1.7261327273643468e-05
tangent-ensemble,Library E,0.1,reference,impulse2,0.00027790053663708067,0.00031866464985822005,-4.076411322113938e-05
tangent-ensemble,Library F,0.1,reference,impulse2,0.0002861707336244775,0.00028950258099682717,-3.331847372349687e-06
tangent-ensemble,Library G,0.1,reference,impulse2,0.00028262495226364075,0.00038099339810999987,-9.836844584635909e-05
tangent-ensemble,Library H,0.1,reference,impulse2,0.00028481817634150764,0.00021360459651048906,7.121357983101859e-05
tangent-ensemble,Library A,0.1,hidden-plus,work2,-1.0794932014126742e-05,-2.4368202423270367e-05,1.3573270409143623e-05
tangent-ensemble,Library B,0.1,hidden-plus,work2,-9.675092773281846e-06,1.030250922045652e-05,-1.9977601993738365e-05
tangent-ensemble,Library C,0.1,hidden-plus,work2,-1.0488735759098841e-05,-1.6135699184647663e-05,5.6469634255488215e-06
tangent-ensemble,Library D,0.1,hidden-plus,work2,-9.944085437774543e-06,-8.658288029177377e-06,-1.2857974085971654e-06
tangent-ensemble,Library E,0.1,hidden-plus,work2,-8.897123269131833e-06,-9.940214865446019e-06,1.0430915963141855e-06
tangent-ensemble,Library F,0.1,hidden-plus,work2,-9.46481115079599e-06,-6.619599470689084e-06,-2.845211680106905e-06
tangent-ensemble,Library G,0.1,hidden-plus,work2,-9.691375968359675e-06,-1.7499088611469592e-06,-7.941467107212716e-06
tangent-ensemble,Library H,0.1,hidden-plus,work2,-1.0048935012582465e-05,-1.8016716126265772e-05,7.967781113683307e-06
tangent-ensemble,Library A,0.1,hidden-plus,impulse2,-0.00010676342591773701,-0.0002591634808643802,0.00015240005494664317
tangent-ensemble,Library B,0.1,hidden-plus,impulse2,-9.580380762090179e-05,9.095156188953452e-05,-0.0001867553695104363
tangent-ensemble,Library C,0.1,hidden-plus,impulse2,-0.0001031981445197153,-0.00016668746400074782,6.348931948103252e-05
tangent-ensemble,Library D,0.1,hidden-plus,impulse2,-9.817752704983744e-05,-7.888591074406396e-05,-1.9291616305773473e-05
tangent-ensemble,Library E,0.1,hidden-plus,impulse2,-8.616262860531524e-05,-5.997685217624135e-05,-2.6185776429073888e-05
tangent-ensemble,Library F,0.1,hidden-plus,impulse2,-9.324129483843577e-05,-7.487279115349212e-05,-1.8368503684943645e-05
tangent-ensemble,Library G,0.1,hidden-plus,impulse2,-9.575386567712684e-05,6.860106377448461e-06,-0.0001026139720545753
tangent-ensemble,Library H,0.1,hidden-plus,impulse2,-9.893932405362522e-05,-0.00016957354723870862,7.063422318508339e-05
tangent-ensemble,Library A,0.1,hidden-minus,work2,6.766808419368659e-05,5.31301249900956e-05,1.4537959203590984e-05
tangent-ensemble,Library B,0.1,hidden-minus,work2,6.561548453548448e-05,8.602231271862054e-05,-2.040682818313606e-05
tangent-ensemble,Library C,0.1,hidden-minus,work2,6.645484219809509e-05,5.6576212326929715e-05,9.878629871165377e-06
tangent-ensemble,Library D,0.1,hidden-minus,work2,6.501827245933615e-05,6.587280877696475e-05,-8.545363176285962e-07
tangent-ensemble,Library E,0.1,hidden-minus,work2,6.322307008468692e-05,6.453832347298078e-05,-1.315253388293861e-06
tangent-ensemble,Library F,0.1,hidden-minus,work2,6.523683528773458e-05,6.520515133385532e-05,3.168395387926739e-08
tangent-ensemble,Library G,0.1,hidden-minus,work2,6.473101440429964e-05,7.257865081826103e-05,-7.84763641396138e-06
tangent-ensemble,Library H,0.1,hidden-minus,work2,6.555906580471506e-05,5.8091325740626086e-05,7.467740064088971e-06
tangent-ensemble,Library A,0.1,hidden-minus,impulse2,0.0006891030947074016,0.0005219762350994639,0.0001671268596079377
tangent-ensemble,Library B,0.1,hidden-minus,impulse2,0.0006696272628140959,0.0008648730127569678,-0.00019524574994287197
tangent-ensemble,Library C,0.1,hidden-minus,impulse2,0.0006767776091043363,0.0005637726430013573,0.00011300496610297907
tangent-ensemble,Library D,0.1,hidden-minus,impulse2,0.0006624157816546954,0.0006776468198962088,-1.5231038241513462e-05
tangent-ensemble,Library E,0.1,hidden-minus,impulse2,0.000641963701879477,0.0006973061518926819,-5.534245001320487e-05
tangent-ensemble,Library F,0.1,hidden-minus,impulse2,0.0006655827620873911,0.0006538779531471468,1.170480894024428e-05
tangent-ensemble,Library G,0.1,hidden-minus,impulse2,0.0006610037702044083,0.0007551266898425512,-9.412291963814288e-05
tangent-ensemble,Library H,0.1,hidden-minus,impulse2,0.0006685756767366409,0.0005967827402596871,7.17929364769538e-05
tangent-ensemble,Library A,0.1,hidden-half,work2,8.820822037826603e-06,-4.99362056992886e-06,1.3814442607755463e-05
tangent-ensemble,Library B,0.1,hidden-half,work2,9.147551553909735e-06,2.9232460094997526e-05,-2.008490854108779e-05
tangent-ensemble,Library C,0.1,hidden-half,work2,8.747158730199641e-06,2.0422786932466793e-06,6.704880036952962e-06
tangent-ensemble,Library D,0.1,hidden-half,work2,8.796504036503143e-06,9.974486172358166e-06,-1.177982135855023e-06
tangent-ensemble,Library E,0.1,hidden-half,work2,9.132925069322867e-06,8.679419719160694e-06,4.535053501621739e-07
tangent-ensemble,Library F,0.1,hidden-half,work2,9.210600458836626e-06,1.1336588230446988e-05,-2.125987771610362e-06
tangent-ensemble,Library G,0.1,hidden-half,work2,8.914221624805181e-06,1.6832231058705064e-05,-7.918009433899882e-06
tangent-ensemble,Library H,0.1,hidden-half,work2,8.853065191741916e-06,1.0102943404571916e-06,7.842770851284724e-06
tangent-ensemble,Library A,0.1,hidden-half,impulse2,9.220320423854742e-05,-6.387855187341937e-05,0.0001560817561119668
tangent-ensemble,Library B,0.1,hidden-half,impulse2,9.555395998784742e-05,0.00028443192460639267,-0.00018887796461854522
tangent-ensemble,Library C,0.1,hidden-half,impulse2,9.17957938862974e-05,1.5927562749778253e-05,7.586823113651914e-05
tangent-ensemble,Library D,0.1,hidden-half,impulse2,9.197080012629533e-05,0.0001102472719160038,-1.827647178970847e-05
tangent-ensemble,Library E,0.1,hidden-half,impulse2,9.586895401588261e-05,0.00012934389884098924,-3.347494482510663e-05
tangent-ensemble,Library F,0.1,hidden-half,impulse2,9.646471939302051e-05,0.00010731489492166719,-1.085017552864667e-05
tangent-ensemble,Library G,0.1,hidden-half,impulse2,9.343554329325739e-05,0.00019392675224372459,-0.0001004912089504672
tangent-ensemble,Library H,0.1,hidden-half,impulse2,9.29394261439411e-05,2.201552463589011e-05,7.092390150805099e-05
tangent-ensemble,Library A,0.1,hidden-ninetenths,work2,-6.871781203736176e-06,-2.0493286052602166e-05,1.362150484886599e-05
tangent-ensemble,Library B,0.1,hidden-ninetenths,work2,-5.910563907843627e-06,1.4088499395364625e-05,-1.9999063303208252e-05
tangent-ensemble,Library C,0.1,hidden-ninetenths,work2,-6.641556861239188e-06,-1.250010360906884e-05,5.858546747829652e-06
tangent-ensemble,Library D,0.1,hidden-ninetenths,work2,-6.195967542919011e-06,-4.931733188870275e-06,-1.2642343540487362e-06
tangent-ensemble,Library E,0.1,hidden-ninetenths,work2,-5.291113601440796e-06,-6.2162879485245785e-06,9.251743470837828e-07
tangent-ensemble,Library F,0.1,hidden-ninetenths,work2,-5.729728828869488e-06,-3.0283619304618907e-06,-2.7013668984075974e-06
tangent-ensemble,Library G,0.1,hidden-ninetenths,work2,-5.970256449726796e-06,1.9665191228233544e-06,-7.93677557255015e-06
tangent-ensemble,Library H,0.1,hidden-ninetenths,work2,-6.2685349717175615e-06,-1.4211314032921152e-05,7.942779061203591e-06
tangent-ensemble,Library A,0.1,hidden-ninetenths,impulse2,-6.6970099886481e-05,-0.00022010649506618889,0.0001531363951797079
tangent-ensemble,Library B,0.1,hidden-ninetenths,impulse2,-5.753225409915264e-05,0.00012964763443290542,-0.00018717988853205806
tangent-ensemble,Library C,0.1,hidden-ninetenths,impulse2,-6.419935683851319e-05,-0.00013016445865064304,6.596510181212985e-05
tangent-ensemble,Library D,0.1,hidden-ninetenths,impulse2,-6.014786161461167e-05,-4.105927421205119e-05,-1.9088587402560475e-05
tangent-ensemble,Library E,0.1,hidden-ninetenths,impulse2,-4.975631208107645e-05,-2.2112701972795993e-05,-2.7643610108280458e-05
tangent-ensemble,Library F,0.1,hidden-ninetenths,impulse2,-5.530009199214425e-05,-3.8435253938459975e-05,-1.6864838053684276e-05
tangent-ensemble,Library G,0.1,hidden-ninetenths,impulse2,-5.7915983883049214e-05,4.427343555070446e-05,-0.00010218941943375367
tangent-ensemble,Library H,0.1,hidden-ninetenths,impulse2,-6.056357401411144e-05,-0.00013125573286378836,7.069215884967691e-05
tangent-ensemble,Library A,0.12,reference,work2,1.480156742929048e-05,1.3018436368750854e-05,1.7831310605396258e-06
tangent-ensemble,Library B,0.12,reference,work2,1.4935219349284631e-05,8.675643099463104e-06,6.259576249821527e-06
tangent-ensemble,Library C,0.12,reference,work2,1.4942332894373105e-05,1.914027173208231e-05,-4.197938837709204e-06
tangent-ensemble,Library D,0.12,reference,work2,1.4627265097807795e-05,1.8280359109542383e-05,-3.6530940117345904e-06
tangent-ensemble,Library E,0.12,reference,work2,1.4964727706401168e-05,8.79512793502108e-06,6.169599771380087e-06
tangent-ensemble,Library F,0.12,reference,work2,1.4858268264414298e-05,1.2526249971487887e-05,2.3320182929264102e-06
tangent-ensemble,Library G,0.12,reference,work2,1.4946701455138881e-05,1.778909629689567e-05,-2.842394841756791e-06
tangent-ensemble,Library H,0.12,reference,work2,1.5222134397733161e-05,1.9975178528015736e-05,-4.753044130282575e-06
tangent-ensemble,Library A,0.12,reference,impulse2,0.0001298817270846406,0.00011862804346409513,1.1253683620545477e-05
tangent-ensemble,Library B,0.12,reference,impulse2,0.00013071103428790313,6.752648406523821e-05,6.318455022266491e-05
tangent-ensemble,Library C,0.12,reference,impulse2,0.00013117889943668813,0.00016849100359338806,-3.731210415669992e-05
tangent-ensemble,Library D,0.12,reference,impulse2,0.00012843443779025497,0.00016754657183637778,-3.9112134046122815e-05
tangent-ensemble,Library E,0.12,reference,impulse2,0.0001312524880753005,9.330638917117095e-05,3.794609890412955e-05
tangent-ensemble,Library F,0.12,reference,impulse2,0.00013015666817990545,0.00010117224101499633,2.8984427164909123e-05
tangent-ensemble,Library G,0.12,reference,impulse2,0.000130933381909852,0.00015827120214652863,-2.7337820236676617e-05
tangent-ensemble,Library H,0.12,reference,impulse2,0.00013349494699433858,0.00016391187264599383,-3.041692565165524e-05
tangent-ensemble,Library A,0.12,hidden-plus,work2,-4.48492881448048e-06,-6.047782844990391e-06,1.5628540305099102e-06
tangent-ensemble,Library B,0.12,hidden-plus,work2,-3.833633560409555e-06,-9.976156964330369e-06,6.142523403920814e-06
tangent-ensemble,Library C,0.12,hidden-plus,work2,-4.5079363549825125e-06,-1.3118284919191527e-07,-4.376753505790597e-06
tangent-ensemble,Library D,0.12,hidden-plus,work2,-4.515854884523624e-06,-8.416538526280603e-07,-3.674201031895564e-06
tangent-ensemble,Library E,0.12,hidden-plus,work2,-4.298871199000248e-06,-1.0556690715014984e-05,6.257819516014736e-06
tangent-ensemble,Library F,0.12,hidden-plus,work2,-3.967837405389888e-06,-6.318085651940435e-06,2.3502482465505467e-06
tangent-ensemble,Library G,0.12,hidden-plus,work2,-4.424114642078271e-06,-5.645385563076322e-07,-3.859576085770639e-06
tangent-ensemble,Library H,0.12,hidden-plus,work2,-4.908694120029142e-06,1.4246518928711781e-06,-6.33334601290032e-06
tangent-ensemble,Library A,0.12,hidden-plus,impulse2,-4.468598238210409e-05,-5.2306142478263525e-05,7.620160096159437e-06
tangent-ensemble,Library B,0.12,hidden-plus,impulse2,-3.931619094705804e-05,-0.00010187265532252264,6.25564643754646e-05
tangent-ensemble,Library C,0.12,hidden-plus,impulse2,-4.491031026892102e-05,-5.293561856771908e-06,-3.961674841214911e-05
tangent-ensemble,Library D,0.12,hidden-plus,impulse2,-4.476834644717557e-05,-7.435446368585139e-06,-3.733290007859043e-05
tangent-ensemble,Library E,0.12,hidden-plus,impulse2,-4.285416043619335e-05,-8.127949018481503e-05,3.842532974862168e-05
tangent-ensemble,Library F,0.12,hidden-plus,impulse2,-4.015077969695313e-05,-6.960367985248867e-05,2.945290015553553e-05
tangent-ensemble,Library G,0.12,hidden-plus,impulse2,-4.434554593162835e-05,-6.99622935146497e-06,-3.734931658016338e-05
tangent-ensemble,Library H,0.12,hidden-plus,impulse2,-4.833547283529874e-05,-2.587551183261624e-06,-4.574792165203711e-05
tangent-ensemble,Library A,0.12,hidden-minus,work2,3.408806367306144e-05,3.20846555824921e-05,2.0034080905693417e-06
tangent-ensemble,Library B,0.12,hidden-minus,work2,3.370407225897882e-05,2.7327443163256578e-05,6.37662909572224e-06
tangent-ensemble,Library C,0.12,hidden-minus,work2,3.439260214372871e-05,3.841172631335652e-05,-4.019124169627811e-06
tangent-ensemble,Library D,0.12,hidden-minus,work2,3.3770385080139214e-05,3.740237207171283e-05,-3.6319869915736167e-06
tangent-ensemble,Library E,0.12,hidden-minus,work2,3.42283266118026e-05,2.8146946585057162e-05,6.081380026745437e-06
tangent-ensemble,Library F,0.12,hidden-minus,work2,3.3684373934218494e-05,3.137058559491622e-05,2.313788339302274e-06
tangent-ensemble,Library G,0.12,hidden-minus,work2,3.4317517552356024e-05,3.614273115009897e-05,-1.825213597742942e-06
tangent-ensemble,Library H,0.12,hidden-minus,work2,3.5352962915495464e-05,3.8525705163160294e-05,-3.1727422476648317e-06
tangent-ensemble,Library A,0.12,hidden-minus,impulse2,0.00030444943655138536,0.00028956222940645384,1.4887207144931518e-05
tangent-ensemble,Library B,0.12,hidden-minus,impulse2,0.0003007382595228644,0.00023692562345299916,6.381263606986523e-05
tangent-ensemble,Library C,0.12,hidden-minus,impulse2,0.0003072681091422973,0.000342275569043548,-3.5007459901250734e-05
tangent-ensemble,Library D,0.12,hidden-minus,impulse2,0.0003016372220276855,0.0003425285900413407,-4.08913680136552e-05
tangent-ensemble,Library E,0.12,hidden-minus,impulse2,0.00030535913658679445,0.00026789226852715704,3.7466868059637426e-05
tangent-ensemble,Library F,0.12,hidden-minus,impulse2,0.0003004641160567641,0.00027194816188248137,2.8515954174282714e-05
tangent-ensemble,Library G,0.12,hidden-minus,impulse2,0.0003062123097513324,0.0003235386336445222,-1.7326323893189846e-05
tangent-ensemble,Library H,0.12,hidden-minus,impulse2,0.0003153253668239761,0.0003304112964752495,-1.5085929651273384e-05
tangent-ensemble,Library A,0.12,hidden-half,work2,5.158319307405014e-06,3.4853267618802463e-06,1.672992545524768e-06
tangent-ensemble,Library B,0.12,hidden-half,work2,5.550792894437538e-06,-6.502569324336322e-07,6.2010498268711705e-06
tangent-ensemble,Library C,0.12,hidden-half,work2,5.2171982696953e-06,9.5045444414452e-06,-4.2873461717499015e-06
tangent-ensemble,Library D,0.12,hidden-half,work2,5.055705106642085e-06,8.719352628457163e-06,-3.6636475218150776e-06
tangent-ensemble,Library E,0.12,hidden-half,work2,5.332928253700463e-06,-8.807813899969479e-07,6.213709643697411e-06
tangent-ensemble,Library F,0.12,hidden-half,work2,5.445215429512214e-06,3.1040821597737356e-06,2.3411332697384787e-06
tangent-ensemble,Library G,0.12,hidden-half,work2,5.261293406530303e-06,8.612278870294017e-06,-3.350985463763715e-06
tangent-ensemble,Library H,0.12,hidden-half,work2,5.156720138851996e-06,1.0699915210443442e-05,-5.543195071591446e-06
tangent-ensemble,Library A,0.12,hidden-half,impulse2,4.2597872351268274e-05,3.316095049291582e-05,9.436921858352457e-06
tangent-ensemble,Library B,0.12,hidden-half,impulse2,4.569742167042246e-05,-1.7173085628642286e-05,6.287050729906475e-05
tangent-ensemble,Library C,0.12,hidden-half,impulse2,4.3134294583883556e-05,8.159872086830805e-05,-3.8464426284424504e-05
tangent-ensemble,Library D,0.12,hidden-half,impulse2,4.18330456715397e-05,8.005556273389632e-05,-3.822251706235662e-05
tangent-ensemble,Library E,0.12,hidden-half,impulse2,4.41991638195536e-05,6.013449493177994e-06,3.8185714326375606e-05
tangent-ensemble,Library F,0.12,hidden-half,impulse2,4.5002944241476174e-05,1.5784280581253852e-05,2.9218663660222322e-05
tangent-ensemble,Library G,0.12,hidden-half,impulse2,4.329391798911183e-05,7.563748639753182e-05,-3.234356840842e-05
tangent-ensemble,Library H,0.12,hidden-half,impulse2,4.257973707951987e-05,8.066216073136604e-05,-3.808242365184617e-05
tangent-ensemble,Library A,0.12,hidden-ninetenths,work2,-2.5562791901033216e-06,-4.141160923616203e-06,1.5848817335128814e-06
tangent-ensemble,Library B,0.12,hidden-ninetenths,work2,-1.9567482694400954e-06,-8.110976957950982e-06,6.154228688510886e-06
tangent-ensemble,Library C,0.12,hidden-ninetenths,work2,-2.5629094300469826e-06,1.795962608935476e-06,-4.358872038982459e-06
tangent-ensemble,Library D,0.12,hidden-ninetenths,work2,-2.6015428862904717e-06,1.070547443588995e-06,-3.6720903298794666e-06
tangent-ensemble,Library E,0.12,hidden-ninetenths,work2,-2.372511308460114e-06,-8.621508850011387e-06,6.248997541551272e-06
tangent-ensemble,Library F,0.12,hidden-ninetenths,work2,-2.0852268384094702e-06,-4.4336520895976035e-06,2.348425251188133e-06
tangent-ensemble,Library G,0.12,hidden-ninetenths,work2,-2.4870330323565183e-06,1.270824929012735e-06,-3.7578579613692533e-06
tangent-ensemble,Library H,0.12,hidden-ninetenths,work2,-2.8956112682528576e-06,3.2797045563856864e-06,-6.175315824638544e-06
tangent-ensemble,Library A,0.12,hidden-ninetenths,impulse2,-2.7229211435429636e-05,-3.521272388402767e-05,7.98351244859804e-06
tangent-ensemble,Library B,0.12,hidden-ninetenths,impulse2,-2.2313468423562025e-05,-8.493274138374666e-05,6.261927296018464e-05
tangent-ensemble,Library C,0.12,hidden-ninetenths,impulse2,-2.7301389298360667e-05,1.2084894688243516e-05,-3.938628398660418e-05
tangent-ensemble,Library D,0.12,hidden-ninetenths,impulse2,-2.744806802343217e-05,1.0062755451911496e-05,-3.7510823475343665e-05
tangent-ensemble,Library E,0.12,hidden-ninetenths,impulse2,-2.544349558504435e-05,-6.382090224921682e-05,3.837740666417247e-05
tangent-ensemble,Library F,0.12,hidden-ninetenths,impulse2,-2.312003490926749e-05,-5.252608776574038e-05,2.940605285647289e-05
tangent-ensemble,Library G,0.12,hidden-ninetenths,impulse2,-2.681765314748027e-05,9.53051379833447e-06,-3.634816694581474e-05
tangent-ensemble,Library H,0.12,hidden-ninetenths,impulse2,-3.0152430852335016e-05,1.4062391199663892e-05,-4.421482205199891e-05
tangent-ensemble,Library A,0.14,reference,work2,8.970390783428084e-06,1.0117423003093644e-05,-1.1470322196655609e-06
tangent-ensemble,Library B,0.14,reference,work2,9.182043928470295e-06,1.0155561572295864e-05,-9.73517643825569e-07
tangent-ensemble,Library C,0.14,reference,work2,8.940350636163682e-06,7.547746157859615e-06,1.3926044783040666e-06
tangent-ensemble,Library D,0.14,reference,work2,8.964251485854749e-06,9.472042401120013e-06,-5.077909152652649e-07
tangent-ensemble,Library E,0.14,reference,work2,9.153982943238314e-06,9.918056883901754e-06,-7.640739406634401e-07
tangent-ensemble,Library F,0.14,reference,work2,8.985933033190995e-06,9.030041814314569e-06,-4.41087811235744e-08
tangent-ensemble,Library G,0.14,reference,work2,9.361767522648697e-06,1.1465656539330613e-05,-2.1038890166819164e-06
tangent-ensemble,Library H,0.14,reference,work2,9.128433382867196e-06,9.170400818298579e-06,-4.196743543138342e-08
tangent-ensemble,Library A,0.14,reference,impulse2,6.51241657294898e-05,7.332093120925541e-05,-8.196765479765614e-06
tangent-ensemble,Library B,0.14,reference,impulse2,6.650526389236983e-05,8.145797247864782e-05,-1.4952708586277993e-05
tangent-ensemble,Library C,0.14,reference,impulse2,6.467189501894542e-05,4.9012556476103015e-05,1.5659338542842404e-05
tangent-ensemble,Library D,0.14,reference,impulse2,6.498072437112647e-05,6.96482214465093e-05,-4.667497075382836e-06
tangent-ensemble,Library E,0.14,reference,impulse2,6.634037251677751e-05,7.175388546401536e-05,-5.413512947237847e-06
tangent-ensemble,Library F,0.14,reference,impulse2,6.51578313767298e-05,6.555064521883617e-05,-3.9281384210636393e-07
tangent-ensemble,Library G,0.14,reference,impulse2,6.78589810495685e-05,7.792583239562337e-05,-1.0066851346054868e-05
tangent-ensemble,Library H,0.14,reference,impulse2,6.62982969186478e-05,6.713041193333205e-05,-8.321150146842515e-07
tangent-ensemble,Library A,0.14,hidden-plus,work2,6.417385655220232e-06,7.436300330623807e-06,-1.018914675403575e-06
tangent-ensemble,Library B,0.14,hidden-plus,work2,6.764266584675672e-06,7.71509082227174e-06,-9.508242375960677e-07
tangent-ensemble,Library C,0.14,hidden-plus,work2,6.451715445417258e-06,4.8752101542726545e-06,1.5765052911446034e-06
tangent-ensemble,Library D,0.14,hidden-plus,work2,6.485986930900241e-06,6.8982563517857936e-06,-4.122694208855527e-07
tangent-ensemble,Library E,0.14,hidden-plus,work2,6.605402699931654e-06,7.451415731459907e-06,-8.460130315282525e-07
tangent-ensemble,Library F,0.14,hidden-plus,work2,6.541929020516251e-06,6.482183451389439e-06,5.97455691268118e-08
tangent-ensemble,Library G,0.14,hidden-plus,work2,6.776275452614396e-06,9.02592757794242e-06,-2.2496521253280225e-06
tangent-ensemble,Library H,0.14,hidden-plus,work2,6.517331084941502e-06,6.5003229104667005e-06,1.7008174474800836e-08
tangent-ensemble,Library A,0.14,hidden-plus,impulse2,4.133430123697836e-05,4.741295272514448e-05,-6.078651488166122e-06
tangent-ensemble,Library B,0.14,hidden-plus,impulse2,4.370397816895669e-05,5.933782857814932e-05,-1.563385040919263e-05
tangent-ensemble,Library C,0.14,hidden-plus,impulse2,4.117502624705478e-05,2.335683007406818e-05,1.78181961729866e-05
tangent-ensemble,Library D,0.14,hidden-plus,impulse2,4.206859687073532e-05,4.560839216007843e-05,-3.539795289343109e-06
tangent-ensemble,Library E,0.14,hidden-plus,impulse2,4.2759996106156586e-05,4.845340783959932e-05,-5.693411733442733e-06
tangent-ensemble,Library F,0.14,hidden-plus,impulse2,4.2442611234473095e-05,4.1298491386894936e-05,1.1441198475781604e-06
tangent-ensemble,Library G,0.14,hidden-plus,impulse2,4.370556835379876e-05,5.486043630978793e-05,-1.1154867955989164e-05
tangent-ensemble,Library H,0.14,hidden-plus,impulse2,4.202101878841586e-05,4.114838806171987e-05,8.726307266959881e-07
tangent-ensemble,Library A,0.14,hidden-minus,work2,1.1523395911635939e-05,1.2798545675563485e-05,-1.2751497639275467e-06
tangent-ensemble,Library B,0.14,hidden-minus,work2,1.1599821272264918e-05,1.2596032322319989e-05,-9.962110500550702e-07
tangent-ensemble,Library C,0.14,hidden-minus,work2,1.1428985826910105e-05,1.0220282161446575e-05,1.2087036654635293e-06
tangent-ensemble,Library D,0.14,hidden-minus,work2,1.1442516040809256e-05,1.2045828450454233e-05,-6.033124096449771e-07
tangent-ensemble,Library E,0.14,hidden-minus,work2,1.170256318654497e-05,1.2384698036343598e-05,-6.821348497986279e-07
tangent-ensemble,Library F,0.14,hidden-minus,work2,1.1429937045865738e-05,1.1577900177239699e-05,-1.4796313137396058e-07
tangent-ensemble,Library G,0.14,hidden-minus,work2,1.1947259592682995e-05,1.3905385500718805e-05,-1.9581259080358103e-06
tangent-ensemble,Library H,0.14,hidden-minus,work2,1.173953568079289e-05,1.1840478726130457e-05,-1.0094304533756765e-07
tangent-ensemble,Library A,0.14,hidden-minus,impulse2,8.891403022200122e-05,9.922890969336632e-05,-1.0314879471365107e-05
tangent-ensemble,Library B,0.14,hidden-minus,impulse2,8.930654961578297e-05,0.00010357811637914633,-1.4271566763363356e-05
tangent-ensemble,Library C,0.14,hidden-minus,impulse2,8.816876379083609e-05,7.466828287813789e-05,1.350048091269821e-05
tangent-ensemble,Library D,0.14,hidden-minus,impulse2,8.789285187151761e-05,9.368805073294018e-05,-5.7951988614225636e-06
tangent-ensemble,Library E,0.14,hidden-minus,impulse2,8.992074892739843e-05,9.505436308843139e-05,-5.133614161032962e-06
tangent-ensemble,Library F,0.14,hidden-minus,impulse2,8.787305151898651e-05,8.98027990507774e-05,-1.929747531790889e-06
tangent-ensemble,Library G,0.14,hidden-minus,impulse2,9.201239374533827e-05,0.00010099122848145883,-8.978834736120572e-06
tangent-ensemble,Library H,0.14,hidden-minus,impulse2,9.057557504887976e-05,9.311243580494426e-05,-2.536860756064491e-06
tangent-ensemble,Library A,0.14,hidden-half,work2,7.693888219324157e-06,8.776861666858725e-06,-1.082973447534568e-06
tangent-ensemble,Library B,0.14,hidden-half,work2,7.973155256572984e-06,8.935326197283802e-06,-9.621709407108183e-07
tangent-ensemble,Library C,0.14,hidden-half,work2,7.696033040790468e-06,6.2114781560661335e-06,1.4845548847243351e-06
tangent-ensemble,Library D,0.14,hidden-half,work2,7.725119208377495e-06,8.185149376452904e-06,-4.600301680754088e-07
tangent-ensemble,Library E,0.14,hidden-half,work2,7.879692821584984e-06,8.68473630768083e-06,-8.050434860958461e-07
tangent-ensemble,Library F,0.14,hidden-half,work2,7.763931026853623e-06,7.756112632852004e-06,7.818394001618651e-09
tangent-ensemble,Library G,0.14,hidden-half,work2,8.069021487631548e-06,1.0245792058636517e-05,-2.1767705710049697e-06
tangent-ensemble,Library H,0.14,hidden-half,work2,7.822882233904349e-06,7.83536186438264e-06,-1.2479630478291286e-08
tangent-ensemble,Library A,0.14,hidden-half,impulse2,5.322923348323409e-05,6.036694196719996e-05,-7.137708483965868e-06
tangent-ensemble,Library B,0.14,hidden-half,impulse2,5.510462103066326e-05,7.039790052839858e-05,-1.5293279497735314e-05
tangent-ensemble,Library C,0.14,hidden-half,impulse2,5.292346063300011e-05,3.6184693275085605e-05,1.6738767357914503e-05
tangent-ensemble,Library D,0.14,hidden-half,impulse2,5.3524660620930895e-05,5.762830680329387e-05,-4.103646182362973e-06
tangent-ensemble,Library E,0.14,hidden-half,impulse2,5.455018431146703e-05,6.010364665180732e-05,-5.55346234034029e-06
tangent-ensemble,Library F,0.14,hidden-half,impulse2,5.380022130560144e-05,5.3424568302865544e-05,3.756530027358989e-07
tangent-ensemble,Library G,0.14,hidden-half,impulse2,5.578227470168363e-05,6.639313435270565e-05,-1.0610859651022015e-05
tangent-ensemble,Library H,0.14,hidden-half,impulse2,5.415965785353183e-05,5.4139399997525965e-05,2.0257856005867876e-08
tangent-ensemble,Library A,0.14,hidden-ninetenths,work2,6.672686168041016e-06,7.70441259787079e-06,-1.0317264298297739e-06
tangent-ensemble,Library B,0.14,hidden-ninetenths,work2,7.006044319055137e-06,7.959137897274155e-06,-9.530935782190178e-07
tangent-ensemble,Library C,0.14,hidden-ninetenths,work2,6.700578964491895e-06,5.142463754631345e-06,1.55811520986055e-06
tangent-ensemble,Library D,0.14,hidden-ninetenths,work2,6.733813386395694e-06,7.155634956719217e-06,-4.2182157032352374e-07
tangent-ensemble,Library E,0.14,hidden-ninetenths,work2,6.860260724262325e-06,7.698079846704096e-06,-8.37819122441771e-07
tangent-ensemble,Library F,0.14,hidden-ninetenths,work2,6.7863294217837245e-06,6.7369692876819514e-06,4.9360134101773255e-08
tangent-ensemble,Library G,0.14,hidden-ninetenths,work2,7.0348246596178256e-06,9.26990047408124e-06,-2.2350758144634136e-06
tangent-ensemble,Library H,0.14,hidden-ninetenths,work2,6.77844131473407e-06,6.767330701249887e-06,1.1110613484182454e-08
tangent-ensemble,Library A,0.14,hidden-ninetenths,impulse2,4.371328768622949e-05,5.0003750573555554e-05,-6.290462887326069e-06
tangent-ensemble,Library B,0.14,hidden-ninetenths,impulse2,4.598410674129801e-05,6.154984296819918e-05,-1.5565736226901167e-05
tangent-ensemble,Library C,0.14,hidden-ninetenths,impulse2,4.3524713124243764e-05,2.5922402714271585e-05,1.760231040997218e-05
tangent-ensemble,Library D,0.14,hidden-ninetenths,impulse2,4.4359809620774394e-05,4.8012375088721476e-05,-3.6525654679470834e-06
tangent-ensemble,Library E,0.14,hidden-ninetenths,impulse2,4.511803374721864e-05,5.078345560204088e-05,-5.665421854822244e-06
tangent-ensemble,Library F,0.14,hidden-ninetenths,impulse2,4.471413324869878e-05,4.372370677008908e-05,9.904264786097091e-07
tangent-ensemble,Library G,0.14,hidden-ninetenths,impulse2,4.612090962337578e-05,5.716697591837152e-05,-1.104606629499574e-05
tangent-ensemble,Library H,0.14,hidden-ninetenths,impulse2,4.444874660143903e-05,4.374659044888106e-05,7.021561525579647e-07
